passage_id,arret_id,ligne_id,horaire,nb_voyageurs
P00001,A0057,L02,2026-06-01 08:15:14,8
P00002,A0014,L11,2026-06-01 21:05:37,27
P00003,A0005,L01,2026-06-01 07:32:38,1
P00004,A0009,L04,2026-06-01 21:26:14,28
P00005,A0036,L05,2026-06-01 05:48:51,10
P00006,A0014,L07,2026-06-01 07:13:48,21
P00007,A0014,L02,2026-06-01 18:54:22,38
P00008,A0031,L01,2026-06-01 21:07:59,24
P00009,A0011,L09,2026-06-01 08:36:12,45
P00010,A0009,L01,2026-06-01 18:05:54,14
P00011,A0013,L07,2026-06-01 08:10:23,22
P00012,A0009,L11,2026-06-01 06:38:40,10
P00013,A0047,L12,2026-06-01 09:24:17,40
P00014,A0060,L09,2026-06-01 08:53:49,3
P00015,A0028,L01,2026-06-01 15:17:04,13
P00016,A0053,L12,2026-06-01 09:25:56,41
P00017,A0047,L03,2026-06-01 07:47:35,34
P00018,A0031,L12,2026-06-01 19:23:14,8
P00019,A0050,L08,2026-06-01 06:55:07,9
P00020,A0056,L03,2026-06-01 15:38:04,24
P00021,A0042,L10,2026-06-01 21:16:35,0
P00022,A0059,L12,2026-06-01 08:49:41,21
P00023,A0015,L05,2026-06-01 19:00:46,16
P00024,A0049,L03,2026-06-01 16:55:40,19
P00025,A0057,L09,2026-06-01 17:23:48,10
P00026,A0037,L09,2026-06-01 14:31:01,7
P00027,A0040,L05,2026-06-01 07:56:36,5
P00028,A0011,L12,2026-06-01 16:48:34,8
P00029,A0006,L11,2026-06-01 17:16:33,38
P00030,A0044,L04,2026-06-01 12:45:19,25
P00031,A0009,L11,2026-06-01 19:07:15,14
P00032,A0009,L06,2026-06-01 07:37:14,0
P00033,A0010,L12,2026-06-01 17:04:57,2
P00034,A0009,L02,2026-06-01 18:42:31,13
P00035,A0037,L03,2026-06-01 20:15:50,30
P00036,A0022,L04,2026-06-01 09:22:27,26
P00037,A0048,L12,2026-06-01 06:03:25,21
P00038,A0014,L04,2026-06-01 09:08:27,11
P00039,A0032,L08,2026-06-01 06:28:51,35
P00040,A0013,L01,2026-06-01 16:05:59,15
P00041,A0021,L07,2026-06-01 17:55:25,3
P00042,A0021,L07,2026-06-01 09:16:59,29
P00043,A0033,L07,2026-06-01 19:09:12,18
P00044,A0026,L01,2026-06-01 16:47:20,3
P00045,A0007,L10,2026-06-01 17:03:32,5
P00046,A0023,L02,2026-06-01 17:25:07,36
P00047,A0015,L10,2026-06-01 16:26:42,37
P00048,A0053,L09,2026-06-01 08:13:42,45
P00049,A0036,L04,2026-06-01 07:42:41,19
P00050,A0047,L06,2026-06-01 10:00:29,39
P00051,A0053,L02,2026-06-01 07:32:16,8
P00052,A0038,L02,2026-06-01 14:18:10,28
P00053,A0037,L12,2026-06-01 06:42:52,35
P00054,A0004,L11,2026-06-01 07:16:07,6
P00055,A0040,L03,2026-06-01 07:45:21,13
P00056,A0059,L11,2026-06-01 21:31:16,3
P00057,A0012,L11,2026-06-01 18:02:00,21
P00058,A0006,L11,2026-06-01 11:47:28,35
P00059,A0028,L07,2026-06-01 16:04:56,44
P00060,A0019,L09,2026-06-01 08:37:35,9
P00061,A0036,L03,2026-06-01 08:57:59,2
P00062,A0039,L04,2026-06-01 16:22:49,35
P00063,A0022,L10,2026-06-01 12:55:10,11
P00064,A0022,L01,2026-06-01 08:50:59,26
P00065,A0009,L12,2026-06-01 13:10:50,44
P00066,A0014,L07,2026-06-01 20:14:12,29
P00067,A0038,L05,2026-06-01 12:14:01,42
P00068,A0024,L07,2026-06-01 06:49:17,22
P00069,A0055,L09,2026-06-01 18:01:07,16
P00070,A0022,L10,2026-06-01 13:02:06,38
P00071,A0036,L06,2026-06-01 14:27:38,32
P00072,A0015,L07,2026-06-01 12:16:02,45
P00073,A0036,L01,2026-06-01 17:23:27,4
P00074,A0009,L06,2026-06-01 16:46:57,19
P00075,A0049,L05,2026-06-01 18:25:44,18
P00076,A0040,L03,2026-06-01 09:43:47,11
P00077,A0027,L10,2026-06-01 06:19:18,13
P00078,A0036,L10,2026-06-01 18:29:28,28
P00079,A0058,L04,2026-06-01 17:42:05,18
P00080,A0050,L11,2026-06-01 18:05:52,15
P00081,A0058,L05,2026-06-01 07:09:01,2
P00082,A0015,L08,2026-06-01 16:29:26,40
P00083,A0054,L04,2026-06-01 15:31:25,15
P00084,A0018,L11,2026-06-01 16:49:27,14
P00085,A0022,L12,2026-06-01 16:35:15,7
P00086,A0047,L03,2026-06-01 21:35:38,20
P00087,A0045,L10,2026-06-01 21:27:53,35
P00088,A0046,L03,2026-06-01 20:28:16,15
P00089,A0057,L05,2026-06-01 21:31:40,15
P00090,A0032,L08,2026-06-01 08:15:17,21
P00091,A0036,L09,2026-06-01 07:14:24,44
P00092,A0019,L12,2026-06-01 09:26:21,34
P00093,A0048,L07,2026-06-01 09:24:57,37
P00094,A0014,L01,2026-06-01 15:30:00,22
P00095,A0004,L07,2026-06-01 15:34:47,34
P00096,A0029,L04,2026-06-01 18:27:31,1
P00097,A0016,L06,2026-06-01 19:46:10,29
P00098,A0006,L10,2026-06-01 19:37:36,42
P00099,A0004,L02,2026-06-01 17:55:29,11
P00100,A0007,L05,2026-06-01 17:29:20,21
P00101,A0042,L05,2026-06-01 15:16:53,5
P00102,A0037,L01,2026-06-01 05:22:14,41
P00103,A0009,L11,2026-06-01 06:15:12,1
P00104,A0026,L03,2026-06-01 09:42:07,36
P00105,A0026,L08,2026-06-01 18:10:38,38
P00106,A0006,L02,2026-06-01 11:19:06,37
P00107,A0004,L05,2026-06-01 19:25:45,12
P00108,A0010,L10,2026-06-01 17:06:44,19
P00109,A0059,L10,2026-06-01 05:22:34,27
P00110,A0036,L06,2026-06-01 08:00:54,26
P00111,A0040,L02,2026-06-01 18:40:57,29
P00112,A0028,L03,2026-06-01 18:39:51,34
P00113,A0038,L08,2026-06-01 18:20:54,15
P00114,A0012,L05,2026-06-01 12:48:29,36
P00115,A0027,L11,2026-06-01 16:31:54,20
P00116,A0023,L08,2026-06-01 08:21:17,38
P00117,A0014,L05,2026-06-01 17:05:15,26
P00118,A0040,L09,2026-06-01 20:41:45,31
P00119,A0046,L01,2026-06-01 07:25:44,15
P00120,A0035,L11,2026-06-01 19:35:33,22
P00121,A0044,L12,2026-06-01 18:44:29,17
P00122,A0035,L05,2026-06-01 07:20:07,34
P00123,A0060,L03,2026-06-01 09:17:46,37
P00124,A0052,L10,2026-06-01 06:53:12,18
P00125,A0028,L06,2026-06-01 06:45:34,8
P00126,A0032,L01,2026-06-01 21:18:44,8
P00127,A0057,L08,2026-06-01 06:36:18,30
P00128,A0038,L08,2026-06-01 06:16:55,30
P00129,A0015,L02,2026-06-01 16:36:40,43
P00130,A0007,L03,2026-06-01 08:05:15,7
P00131,A0009,L07,2026-06-01 17:49:33,24
P00132,A0046,L08,2026-06-01 09:19:36,39
P00133,A0008,L10,2026-06-01 10:48:13,40
P00134,A0026,L05,2026-06-01 17:15:11,35
P00135,A0010,L03,2026-06-01 09:44:38,30
P00136,A0034,L01,2026-06-01 08:44:55,29
P00137,A0010,L11,2026-06-01 08:50:50,40
P00138,A0036,L11,2026-06-01 12:27:07,34
P00139,A0027,L11,2026-06-01 08:52:09,4
P00140,A0008,L03,2026-06-01 13:28:07,29
P00141,A0060,L05,2026-06-01 18:32:34,31
P00142,A0045,L02,2026-06-01 19:47:20,38
P00143,A0030,L01,2026-06-01 06:48:43,17
P00144,A0054,L01,2026-06-01 11:30:33,41
P00145,A0045,L05,2026-06-01 09:40:52,31
P00146,A0012,L08,2026-06-01 08:20:42,6
P00147,A0020,L06,2026-06-01 19:18:42,25
P00148,A0040,L01,2026-06-01 18:16:20,7
P00149,A0043,L09,2026-06-01 05:42:55,34
P00150,A0048,L07,2026-06-01 08:39:48,31
P00151,A0056,L08,2026-06-01 12:17:35,8
P00152,A0033,L08,2026-06-01 20:07:01,40
P00153,A0029,L04,2026-06-01 13:35:00,35
P00154,A0022,L02,2026-06-01 06:29:07,41
P00155,A0019,L08,2026-06-01 13:32:45,17
P00156,A0025,L08,2026-06-01 12:29:35,9
P00157,A0016,L04,2026-06-01 21:47:56,8
P00158,A0009,L05,2026-06-01 15:21:59,32
P00159,A0009,L01,2026-06-01 08:53:37,37
P00160,A0036,L08,2026-06-01 20:34:30,22
P00161,A0009,L09,2026-06-01 15:29:59,20
P00162,A0024,L12,2026-06-01 09:14:54,26
P00163,A0006,L06,2026-06-01 15:24:42,41
P00164,A0019,L08,2026-06-01 11:32:37,21
P00165,A0013,L08,2026-06-01 09:00:46,9
P00166,A0022,L11,2026-06-01 10:30:50,16
P00167,A0037,L10,2026-06-01 16:54:21,43
P00168,A0047,L07,2026-06-01 20:55:34,2
P00169,A0026,L02,2026-06-01 08:14:47,5
P00170,A0036,L02,2026-06-01 10:28:10,44
P00171,A0004,L01,2026-06-01 06:18:22,23
P00172,A0036,L03,2026-06-01 09:36:43,11
P00173,A0021,L03,2026-06-01 09:39:43,15
P00174,A0009,L10,2026-06-01 09:40:16,29
P00175,A0030,L11,2026-06-01 09:57:18,43
P00176,A0037,L03,2026-06-01 08:37:19,40
P00177,A0044,L12,2026-06-01 08:12:24,30
P00178,A0014,L04,2026-06-01 18:36:18,44
P00179,A0034,L01,2026-06-01 15:17:00,36
P00180,A0059,L12,2026-06-01 20:53:57,18
P00181,A0028,L10,2026-06-01 12:40:12,39
P00182,A0030,L11,2026-06-01 11:40:06,40
P00183,A0055,L01,2026-06-01 09:02:37,23
P00184,A0006,L02,2026-06-01 14:47:26,11
P00185,A0025,L03,2026-06-01 14:33:32,17
P00186,A0021,L05,2026-06-01 20:51:18,21
P00187,A0015,L08,2026-06-01 11:48:14,43
P00188,A0009,L11,2026-06-01 21:23:05,25
P00189,A0002,L05,2026-06-01 19:23:43,43
P00190,A0031,L10,2026-06-01 18:06:43,14
P00191,A0037,L01,2026-06-01 18:58:39,14
P00192,A0055,L02,2026-06-01 19:58:44,19
P00193,A0006,L07,2026-06-01 06:02:19,31
P00194,A0015,L02,2026-06-01 07:24:29,23
P00195,A0009,L12,2026-06-01 19:37:47,9
P00196,A0025,L11,2026-06-01 09:39:26,17
P00197,A0005,L12,2026-06-01 19:28:15,23
P00198,A0013,L11,2026-06-01 18:03:25,17
P00199,A0024,L02,2026-06-01 20:05:42,13
P00200,A0055,L11,2026-06-01 16:03:50,21
P00201,A0015,L03,2026-06-01 12:04:53,35
P00202,A0009,L10,2026-06-01 07:21:49,9
P00203,A0016,L01,2026-06-01 07:08:34,16
P00204,A0022,L02,2026-06-01 16:08:00,22
P00205,A0029,L10,2026-06-01 07:16:03,8
P00206,A0025,L09,2026-06-01 06:30:28,23
P00207,A0050,L10,2026-06-01 07:39:02,42
P00208,A0051,L05,2026-06-01 16:03:30,25
P00209,A0044,L11,2026-06-01 09:04:57,5
P00210,A0006,L10,2026-06-01 07:17:39,40
P00211,A0055,L09,2026-06-01 15:38:33,18
P00212,A0047,L09,2026-06-01 16:50:44,7
P00213,A0006,L11,2026-06-01 21:46:55,13
P00214,A0036,L08,2026-06-01 15:21:52,29
P00215,A0043,L07,2026-06-01 14:27:20,42
P00216,A0030,L06,2026-06-01 20:04:05,5
P00217,A0012,L07,2026-06-01 08:51:08,35
P00218,A0008,L10,2026-06-01 21:21:42,7
P00219,A0022,L06,2026-06-01 15:55:58,3
P00220,A0033,L10,2026-06-01 06:36:32,13
P00221,A0019,L11,2026-06-01 16:22:54,35
P00222,A0041,L02,2026-06-01 12:51:27,35
P00223,A0026,L10,2026-06-01 16:38:59,42
P00224,A0060,L05,2026-06-01 08:44:48,19
P00225,A0037,L06,2026-06-01 07:36:42,25
P00226,A0009,L03,2026-06-01 05:05:47,33
P00227,A0026,L07,2026-06-01 18:10:23,19
P00228,A0009,L06,2026-06-01 10:56:03,9
P00229,A0020,L10,2026-06-01 06:17:28,42
P00230,A0044,L08,2026-06-01 19:17:13,32
P00231,A0015,L06,2026-06-01 18:43:43,37
P00232,A0040,L09,2026-06-01 16:14:25,38
P00233,A0008,L01,2026-06-01 07:49:08,16
P00234,A0034,L06,2026-06-01 09:47:27,11
P00235,A0006,L07,2026-06-01 17:32:35,42
P00236,A0039,L02,2026-06-01 16:27:01,29
P00237,A0010,L06,2026-06-01 19:45:40,26
P00238,A0034,L02,2026-06-01 18:10:51,39
P00239,A0047,L12,2026-06-01 10:27:54,6
P00240,A0015,L07,2026-06-01 16:25:55,19
P00241,A0037,L04,2026-06-01 07:04:32,40
P00242,A0015,L09,2026-06-01 18:22:46,41
P00243,A0018,L04,2026-06-01 08:12:11,38
P00244,A0019,L11,2026-06-01 09:29:48,36
P00245,A0055,L08,2026-06-01 18:55:40,20
P00246,A0019,L08,2026-06-01 09:40:19,17
P00247,A0036,L01,2026-06-01 16:19:29,28
P00248,A0005,L01,2026-06-01 18:04:41,5
P00249,A0027,L10,2026-06-01 19:37:35,2
P00250,A0046,L10,2026-06-01 18:38:30,32
P00251,A0019,L01,2026-06-01 18:45:05,32
P00252,A0055,L03,2026-06-01 09:28:33,33
P00253,A0027,L03,2026-06-01 18:24:26,21
P00254,A0058,L10,2026-06-01 08:04:21,6
P00255,A0009,L11,2026-06-01 18:46:54,42
P00256,A0029,L03,2026-06-01 07:58:22,19
P00257,A0006,L12,2026-06-01 17:38:45,5
P00258,A0035,L09,2026-06-01 18:52:08,42
P00259,A0014,L12,2026-06-01 21:05:41,42
P00260,A0044,L09,2026-06-01 18:19:11,13
P00261,A0037,L08,2026-06-01 07:09:04,18
P00262,A0013,L09,2026-06-01 21:02:42,21
P00263,A0026,L03,2026-06-01 17:10:11,44
P00264,A0026,L03,2026-06-01 05:26:23,43
P00265,A0009,L04,2026-06-01 13:48:47,28
P00266,A0028,L09,2026-06-01 09:57:53,12
P00267,A0041,L11,2026-06-01 20:29:49,18
P00268,A0042,L09,2026-06-01 17:52:12,38
P00269,A0017,L05,2026-06-01 09:55:23,35
P00270,A0014,L12,2026-06-01 10:18:05,10
P00271,A0009,L08,2026-06-01 11:53:27,5
P00272,A0027,L08,2026-06-01 05:26:03,25
P00273,A0049,L06,2026-06-01 06:23:14,1
P00274,A0036,L02,2026-06-01 14:50:09,8
P00275,A0005,L05,2026-06-01 20:44:53,8
P00276,A0028,L08,2026-06-01 16:57:05,1
P00277,A0030,L04,2026-06-01 21:46:38,33
P00278,A0044,L02,2026-06-01 12:19:07,3
P00279,A0029,L07,2026-06-01 19:04:07,31
P00280,A0016,L09,2026-06-01 07:45:09,18
P00281,A0044,L01,2026-06-01 17:36:26,11
P00282,A0009,L11,2026-06-01 08:04:33,34
P00283,A0049,L09,2026-06-01 19:55:30,2
P00284,A0057,L07,2026-06-01 13:47:01,22
P00285,A0009,L06,2026-06-01 06:49:37,21
P00286,A0017,L01,2026-06-01 18:52:41,11
P00287,A0059,L08,2026-06-01 20:40:11,8
P00288,A0009,L12,2026-06-01 20:02:18,12
P00289,A0006,L04,2026-06-01 14:59:19,32
P00290,A0020,L09,2026-06-01 16:48:41,12
P00291,A0033,L06,2026-06-01 05:55:41,21
P00292,A0009,L02,2026-06-01 15:56:25,28
P00293,A0016,L06,2026-06-01 20:44:31,23
P00294,A0051,L05,2026-06-01 15:05:27,38
P00295,A0023,L09,2026-06-01 06:05:20,42
P00296,A0034,L05,2026-06-01 19:10:44,28
P00297,A0038,L08,2026-06-01 08:39:27,17
P00298,A0057,L01,2026-06-01 09:23:32,43
P00299,A0020,L01,2026-06-01 09:02:08,4
P00300,A0029,L11,2026-06-01 19:36:02,38
P00301,A0019,L11,2026-06-01 18:23:28,4
P00302,A0054,L03,2026-06-01 19:20:41,17
P00303,A0015,L02,2026-06-01 07:31:33,24
P00304,A0009,L02,2026-06-01 08:45:28,13
P00305,A0027,L05,2026-06-01 19:12:07,8
P00306,A0010,L08,2026-06-01 09:05:51,43
P00307,A0036,L11,2026-06-01 06:35:34,18
P00308,A0004,L03,2026-06-01 11:50:23,32
P00309,A0027,L02,2026-06-01 11:15:50,31
P00310,A0004,L06,2026-06-01 18:29:51,35
P00311,A0006,L10,2026-06-01 10:19:25,45
P00312,A0009,L08,2026-06-01 19:52:36,4
P00313,A0006,L06,2026-06-01 19:29:43,33
P00314,A0038,L03,2026-06-01 21:40:37,11
P00315,A0006,L07,2026-06-01 16:53:07,33
P00316,A0019,L05,2026-06-01 08:59:45,14
P00317,A0038,L09,2026-06-01 10:16:12,40
P00318,A0040,L05,2026-06-01 08:39:34,5
P00319,A0049,L11,2026-06-01 07:10:42,39
P00320,A0009,L10,2026-06-01 06:52:55,1
P00321,A0011,L01,2026-06-01 13:41:13,36
P00322,A0025,L10,2026-06-01 19:56:40,34
P00323,A0034,L11,2026-06-01 20:15:51,43
P00324,A0043,L05,2026-06-01 16:10:28,26
P00325,A0038,L08,2026-06-01 07:20:55,45
P00326,A0036,L12,2026-06-01 14:25:08,23
P00327,A0050,L09,2026-06-01 07:29:07,17
P00328,A0046,L04,2026-06-01 06:18:24,39
P00329,A0025,L04,2026-06-01 11:52:20,36
P00330,A0009,L06,2026-06-01 07:31:32,29
P00331,A0009,L05,2026-06-01 16:25:32,29
P00332,A0029,L04,2026-06-01 16:03:18,31
P00333,A0016,L11,2026-06-01 18:34:00,6
P00334,A0036,L03,2026-06-01 14:48:25,23
P00335,A0006,L07,2026-06-01 07:23:35,18
P00336,A0010,L07,2026-06-01 18:52:39,43
P00337,A0027,L02,2026-06-01 06:25:23,21
P00338,A0009,L06,2026-06-01 12:38:32,25
P00339,A0049,L01,2026-06-01 07:45:21,30
P00340,A0051,L08,2026-06-01 07:20:59,39
P00341,A0036,L03,2026-06-01 18:37:21,32
P00342,A0050,L09,2026-06-01 18:30:52,1
P00343,A0041,L06,2026-06-01 19:37:19,44
P00344,A0056,L01,2026-06-01 18:41:50,37
P00345,A0054,L04,2026-06-01 20:10:33,40
P00346,A0009,L10,2026-06-01 15:09:52,43
P00347,A0015,L01,2026-06-01 16:12:01,28
P00348,A0036,L07,2026-06-01 07:26:32,39
P00349,A0037,L12,2026-06-01 11:33:13,35
P00350,A0006,L11,2026-06-01 19:20:11,29
P00351,A0047,L06,2026-06-01 18:39:30,12
P00352,A0015,L05,2026-06-01 17:19:49,18
P00353,A0028,L04,2026-06-01 19:20:30,22
P00354,A0009,L12,2026-06-01 06:36:43,34
P00355,A0042,L07,2026-06-01 11:18:02,18
P00356,A0006,L02,2026-06-01 09:41:16,30
P00357,A0026,L04,2026-06-01 13:59:35,44
P00358,A0009,L03,2026-06-01 07:15:03,42
P00359,A0052,L04,2026-06-01 16:06:26,21
P00360,A0006,L08,2026-06-01 07:00:35,10
P00361,A0022,L11,2026-06-01 20:30:41,12
P00362,A0033,L06,2026-06-01 06:58:49,5
P00363,A0006,L10,2026-06-01 06:58:58,11
P00364,A0025,L03,2026-06-01 05:53:25,31
P00365,A0023,L12,2026-06-01 13:56:02,0
P00366,A0004,L10,2026-06-01 18:18:29,41
P00367,A0037,L09,2026-06-01 17:54:32,29
P00368,A0009,L04,2026-06-01 14:10:46,29
P00369,A0055,L05,2026-06-01 05:47:21,18
P00370,A0053,L11,2026-06-01 11:39:54,40
P00371,A0043,L07,2026-06-01 16:25:42,6
P00372,A0023,L03,2026-06-01 17:00:16,24
P00373,A0029,L08,2026-06-01 14:19:37,36
P00374,A0002,L05,2026-06-01 17:03:42,7
P00375,A0048,L05,2026-06-01 08:44:07,40
P00376,A0034,L06,2026-06-01 17:08:30,9
P00377,A0047,L12,2026-06-01 14:26:44,35
P00378,A0037,L09,2026-06-01 12:48:15,43
P00379,A0016,L02,2026-06-01 18:04:58,36
P00380,A0015,L01,2026-06-01 21:12:36,34
P00381,A0019,L03,2026-06-01 09:07:43,13
P00382,A0006,L10,2026-06-01 19:51:03,29
P00383,A0006,L09,2026-06-01 16:35:29,43
P00384,A0035,L12,2026-06-01 08:52:00,13
P00385,A0055,L02,2026-06-01 08:44:04,34
P00386,A0008,L02,2026-06-01 20:02:18,26
P00387,A0023,L03,2026-06-01 15:23:57,24
P00388,A0046,L07,2026-06-01 17:41:55,22
P00389,A0016,L03,2026-06-01 15:33:08,14
P00390,A0001,L01,2026-06-01 20:43:46,34
P00391,A0044,L09,2026-06-01 17:15:29,22
P00392,A0019,L05,2026-06-01 06:02:51,42
P00393,A0025,L10,2026-06-01 05:15:13,4
P00394,A0013,L10,2026-06-01 06:15:47,2
P00395,A0043,L08,2026-06-01 07:48:55,3
P00396,A0017,L09,2026-06-01 12:52:58,36
P00397,A0036,L10,2026-06-01 18:15:19,9
P00398,A0036,L09,2026-06-01 08:17:03,35
P00399,A0036,L12,2026-06-01 15:35:31,3
P00400,A0038,L11,2026-06-01 18:44:26,26
P00401,A0019,L05,2026-06-01 19:15:54,14
P00402,A0004,L12,2026-06-01 09:58:03,35
P00403,A0022,L07,2026-06-01 17:24:15,16
P00404,A0009,L06,2026-06-01 19:54:23,5
P00405,A0047,L12,2026-06-01 05:17:24,43
P00406,A0029,L10,2026-06-01 06:12:51,37
P00407,A0009,L11,2026-06-01 19:13:55,21
P00408,A0004,L01,2026-06-01 07:47:07,30
P00409,A0015,L12,2026-06-01 17:25:58,15
P00410,A0040,L06,2026-06-01 15:29:34,41
P00411,A0039,L05,2026-06-01 09:29:06,30
P00412,A0036,L04,2026-06-01 19:02:36,14
P00413,A0018,L01,2026-06-01 09:18:09,12
P00414,A0009,L04,2026-06-01 17:31:35,41
P00415,A0059,L06,2026-06-01 09:46:41,31
P00416,A0047,L03,2026-06-01 14:10:08,34
P00417,A0040,L03,2026-06-01 21:41:03,33
P00418,A0005,L02,2026-06-01 05:48:00,26
P00419,A0017,L11,2026-06-01 07:00:13,32
P00420,A0047,L06,2026-06-01 09:42:31,1
P00421,A0001,L09,2026-06-01 16:01:33,17
P00422,A0047,L05,2026-06-01 09:51:58,11
P00423,A0014,L02,2026-06-01 17:12:39,33
P00424,A0030,L06,2026-06-01 09:05:23,25
P00425,A0047,L10,2026-06-01 07:19:43,5
P00426,A0006,L11,2026-06-01 10:25:24,24
P00427,A0040,L08,2026-06-01 06:44:10,5
P00428,A0009,L07,2026-06-01 18:36:54,6
P00429,A0052,L01,2026-06-01 09:17:02,4
P00430,A0059,L05,2026-06-01 05:11:59,20
P00431,A0003,L04,2026-06-01 19:59:04,19
P00432,A0020,L10,2026-06-01 09:43:57,34
P00433,A0009,L07,2026-06-01 11:50:44,5
P00434,A0049,L12,2026-06-01 05:06:27,14
P00435,A0010,L06,2026-06-01 19:49:20,1
P00436,A0057,L05,2026-06-01 20:31:14,22
P00437,A0040,L07,2026-06-01 19:05:49,39
P00438,A0034,L04,2026-06-01 10:17:09,24
P00439,A0006,L11,2026-06-01 09:20:23,6
P00440,A0012,L01,2026-06-01 20:23:48,17
P00441,A0014,L03,2026-06-01 09:28:35,35
P00442,A0050,L07,2026-06-01 06:22:35,5
P00443,A0016,L10,2026-06-01 15:00:18,26
P00444,A0016,L02,2026-06-01 21:57:15,36
P00445,A0051,L03,2026-06-01 17:08:17,19
P00446,A0009,L08,2026-06-01 07:27:17,26
P00447,A0004,L08,2026-06-01 14:16:15,40
P00448,A0009,L10,2026-06-01 19:06:08,19
P00449,A0001,L07,2026-06-01 09:51:55,21
P00450,A0045,L06,2026-06-01 17:19:20,38
P00451,A0060,L04,2026-06-01 17:25:20,18
P00452,A0060,L11,2026-06-01 17:20:24,17
P00453,A0020,L06,2026-06-01 07:37:34,11
P00454,A0059,L09,2026-06-01 09:45:13,28
P00455,A0034,L12,2026-06-01 09:43:31,8
P00456,A0057,L05,2026-06-01 07:45:27,24
P00457,A0010,L08,2026-06-01 20:37:25,34
P00458,A0049,L12,2026-06-01 16:50:23,44
P00459,A0047,L10,2026-06-01 16:06:49,15
P00460,A0036,L11,2026-06-01 16:36:41,43
P00461,A0055,L07,2026-06-01 14:50:27,6
P00462,A0002,L02,2026-06-01 07:28:23,25
P00463,A0048,L11,2026-06-01 17:22:01,30
P00464,A0014,L05,2026-06-01 16:07:53,9
P00465,A0038,L05,2026-06-01 07:33:30,22
P00466,A0037,L02,2026-06-01 19:20:04,19
P00467,A0006,L12,2026-06-01 08:41:06,43
P00468,A0021,L12,2026-06-01 07:35:10,21
P00469,A0009,L07,2026-06-01 12:51:25,40
P00470,A0023,L03,2026-06-01 19:25:01,39
P00471,A0025,L08,2026-06-01 19:00:45,13
P00472,A0009,L05,2026-06-01 10:36:06,34
P00473,A0023,L06,2026-06-01 09:07:16,42
P00474,A0040,L09,2026-06-01 14:38:24,39
P00475,A0020,L10,2026-06-01 08:54:29,39
P00476,A0022,L11,2026-06-01 13:58:39,37
P00477,A0011,L11,2026-06-01 06:15:19,7
P00478,A0023,L06,2026-06-01 19:26:38,8
P00479,A0054,L07,2026-06-01 19:40:34,44
P00480,A0055,L03,2026-06-01 19:18:08,11
P00481,A0036,L08,2026-06-01 18:00:31,8
P00482,A0024,L07,2026-06-01 21:41:31,26
P00483,A0059,L08,2026-06-01 19:31:10,5
P00484,A0053,L01,2026-06-01 12:18:02,17
P00485,A0027,L09,2026-06-01 09:36:47,31
P00486,A0040,L09,2026-06-01 06:17:49,34
P00487,A0040,L09,2026-06-01 05:48:46,28
P00488,A0037,L04,2026-06-01 10:47:53,41
P00489,A0015,L05,2026-06-01 05:28:16,22
P00490,A0012,L08,2026-06-01 10:49:51,15
P00491,A0009,L12,2026-06-01 18:55:45,39
P00492,A0056,L07,2026-06-01 07:50:13,13
P00493,A0008,L10,2026-06-01 18:38:34,10
P00494,A0006,L12,2026-06-01 08:54:32,43
P00495,A0013,L03,2026-06-01 15:58:03,17
P00496,A0006,L03,2026-06-01 11:15:09,45
P00497,A0006,L04,2026-06-01 15:31:09,36
P00498,A0056,L05,2026-06-01 19:28:04,40
P00499,A0012,L07,2026-06-01 18:44:59,23
P00500,A0047,L08,2026-06-01 06:55:49,5
P00501,A0047,L11,2026-06-01 18:54:04,34
P00502,A0020,L04,2026-06-01 12:31:17,20
P00503,A0033,L06,2026-06-01 17:36:54,31
P00504,A0037,L11,2026-06-01 05:06:40,29
P00505,A0003,L02,2026-06-01 11:28:29,0
P00506,A0044,L04,2026-06-01 11:56:41,19
P00507,A0020,L05,2026-06-01 08:16:05,23
P00508,A0009,L11,2026-06-01 09:40:19,44
P00509,A0028,L07,2026-06-01 16:00:13,30
P00510,A0010,L03,2026-06-01 19:00:00,44
P00511,A0037,L02,2026-06-01 15:44:08,30
P00512,A0010,L04,2026-06-01 16:06:20,23
P00513,A0004,L03,2026-06-01 17:41:43,9
P00514,A0009,L09,2026-06-01 17:28:22,13
P00515,A0056,L12,2026-06-01 09:39:43,28
P00516,A0026,L02,2026-06-01 11:48:07,37
P00517,A0016,L06,2026-06-01 14:50:08,15
P00518,A0032,L11,2026-06-01 08:49:44,1
P00519,A0036,L05,2026-06-01 07:47:25,18
P00520,A0055,L01,2026-06-01 12:31:24,7
P00521,A0029,L08,2026-06-01 16:33:56,0
P00522,A0040,L06,2026-06-01 09:23:34,43
P00523,A0022,L08,2026-06-01 10:01:37,4
P00524,A0002,L05,2026-06-01 06:50:25,32
P00525,A0033,L11,2026-06-01 15:27:44,25
P00526,A0011,L11,2026-06-01 17:17:05,19
P00527,A0011,L09,2026-06-01 11:34:20,25
P00528,A0036,L11,2026-06-01 10:19:44,27
P00529,A0029,L01,2026-06-01 09:07:29,39
P00530,A0029,L01,2026-06-01 07:07:00,45
P00531,A0017,L12,2026-06-01 09:22:33,33
P00532,A0009,L05,2026-06-01 07:47:49,17
P00533,A0016,L01,2026-06-01 09:17:33,4
P00534,A0031,L12,2026-06-01 10:31:29,32
P00535,A0040,L01,2026-06-01 17:23:10,16
P00536,A0014,L10,2026-06-01 16:14:47,32
P00537,A0001,L01,2026-06-01 05:15:02,30
P00538,A0040,L07,2026-06-01 11:59:54,2
P00539,A0040,L12,2026-06-01 15:14:20,15
P00540,A0025,L12,2026-06-01 06:36:23,7
P00541,A0049,L11,2026-06-01 11:14:51,33
P00542,A0006,L07,2026-06-01 09:55:18,19
P00543,A0006,L02,2026-06-01 16:23:12,18
P00544,A0053,L05,2026-06-01 12:29:23,37
P00545,A0009,L04,2026-06-01 21:48:50,15
P00546,A0019,L01,2026-06-01 05:14:34,22
P00547,A0057,L12,2026-06-01 14:00:48,42
P00548,A0042,L12,2026-06-01 10:13:33,15
P00549,A0025,L08,2026-06-01 11:45:17,5
P00550,A0006,L04,2026-06-01 21:26:44,23
P00551,A0047,L12,2026-06-01 06:32:08,40
P00552,A0020,L02,2026-06-01 16:27:42,8
P00553,A0029,L05,2026-06-01 08:59:51,25
P00554,A0014,L12,2026-06-01 09:17:14,4
P00555,A0025,L03,2026-06-01 10:09:06,10
P00556,A0046,L08,2026-06-01 06:34:22,13
P00557,A0046,L05,2026-06-01 16:05:10,43
P00558,A0004,L12,2026-06-01 16:13:53,20
P00559,A0018,L02,2026-06-01 14:25:32,3
P00560,A0058,L05,2026-06-01 07:01:25,28
P00561,A0009,L12,2026-06-01 16:29:06,8
P00562,A0016,L01,2026-06-01 07:08:12,25
P00563,A0041,L11,2026-06-01 16:37:37,16
P00564,A0010,L01,2026-06-01 12:57:41,28
P00565,A0006,L02,2026-06-01 14:07:02,29
P00566,A0007,L03,2026-06-01 15:52:46,25
P00567,A0009,L01,2026-06-01 19:11:22,13
P00568,A0023,L05,2026-06-01 07:02:39,39
P00569,A0027,L04,2026-06-01 19:26:56,35
P00570,A0038,L01,2026-06-01 09:08:26,12
P00571,A0055,L09,2026-06-01 06:24:50,45
P00572,A0039,L08,2026-06-01 19:22:58,36
P00573,A0049,L06,2026-06-01 17:01:20,38
P00574,A0027,L01,2026-06-01 13:03:51,30
P00575,A0052,L06,2026-06-01 12:10:06,15
P00576,A0036,L04,2026-06-01 06:48:14,36
P00577,A0016,L06,2026-06-01 11:11:15,37
P00578,A0036,L12,2026-06-01 16:45:44,22
P00579,A0053,L10,2026-06-01 07:53:51,31
P00580,A0037,L05,2026-06-01 06:05:03,14
P00581,A0029,L04,2026-06-01 09:00:21,39
P00582,A0025,L03,2026-06-01 07:58:51,20
P00583,A0008,L01,2026-06-01 07:49:07,33
P00584,A0040,L02,2026-06-01 19:37:06,21
P00585,A0004,L06,2026-06-01 07:46:27,40
P00586,A0040,L11,2026-06-01 08:14:42,37
P00587,A0022,L07,2026-06-01 08:08:11,0
P00588,A0014,L10,2026-06-01 16:11:38,20
P00589,A0027,L04,2026-06-01 16:59:31,9
P00590,A0009,L12,2026-06-01 08:20:10,40
P00591,A0012,L12,2026-06-01 18:28:00,16
P00592,A0009,L04,2026-06-01 18:16:50,6
P00593,A0009,L01,2026-06-01 09:46:26,10
P00594,A0022,L08,2026-06-01 14:34:24,6
P00595,A0038,L10,2026-06-01 17:10:28,4
P00596,A0005,L05,2026-06-01 08:06:04,21
P00597,A0021,L07,2026-06-01 06:35:57,5
P00598,A0037,L10,2026-06-01 20:45:01,27
P00599,A0006,L03,2026-06-01 19:10:03,6
P00600,A0009,L04,2026-06-01 15:44:35,34
P00601,A0031,L11,2026-06-01 07:06:03,25
P00602,A0054,L09,2026-06-01 11:03:23,0
P00603,A0044,L02,2026-06-01 09:12:06,1
P00604,A0009,L03,2026-06-01 16:30:54,7
P00605,A0035,L07,2026-06-01 18:05:41,34
P00606,A0016,L03,2026-06-01 19:23:11,28
P00607,A0006,L05,2026-06-01 18:14:53,17
P00608,A0053,L01,2026-06-01 06:05:42,22
P00609,A0037,L07,2026-06-01 12:35:03,24
P00610,A0051,L07,2026-06-01 20:36:56,15
P00611,A0037,L05,2026-06-01 06:32:36,33
P00612,A0054,L11,2026-06-01 11:07:48,28
P00613,A0022,L03,2026-06-01 12:08:02,27
P00614,A0011,L11,2026-06-01 17:53:38,16
P00615,A0036,L12,2026-06-01 10:05:24,35
P00616,A0020,L09,2026-06-01 08:33:29,0
P00617,A0014,L10,2026-06-01 19:07:26,9
P00618,A0018,L10,2026-06-01 16:59:06,36
P00619,A0013,L05,2026-06-01 14:56:26,16
P00620,A0016,L11,2026-06-01 19:02:11,17
P00621,A0043,L03,2026-06-01 19:02:25,21
P00622,A0060,L04,2026-06-01 09:58:17,23
P00623,A0003,L06,2026-06-01 13:19:17,31
P00624,A0014,L11,2026-06-01 07:08:19,28
P00625,A0006,L05,2026-06-01 10:12:28,13
P00626,A0022,L12,2026-06-01 18:52:03,32
P00627,A0020,L02,2026-06-01 09:08:49,33
P00628,A0053,L01,2026-06-01 07:53:03,15
P00629,A0005,L08,2026-06-01 08:45:12,17
P00630,A0041,L08,2026-06-01 16:43:01,15
P00631,A0041,L08,2026-06-01 17:55:30,37
P00632,A0040,L06,2026-06-01 08:47:53,44
P00633,A0012,L05,2026-06-01 06:10:54,36
P00634,A0026,L04,2026-06-01 17:17:41,26
P00635,A0050,L01,2026-06-01 05:30:58,8
P00636,A0055,L03,2026-06-01 16:14:16,38
P00637,A0035,L12,2026-06-01 13:27:57,24
P00638,A0038,L08,2026-06-01 09:19:43,33
P00639,A0026,L07,2026-06-01 16:32:42,23
P00640,A0009,L11,2026-06-01 18:19:43,6
P00641,A0038,L02,2026-06-01 08:40:20,17
P00642,A0031,L11,2026-06-01 13:12:09,33
P00643,A0029,L01,2026-06-01 15:42:20,43
P00644,A0017,L12,2026-06-01 09:18:16,26
P00645,A0043,L07,2026-06-01 12:21:46,45
P00646,A0027,L11,2026-06-01 19:58:42,22
P00647,A0049,L05,2026-06-01 21:11:18,6
P00648,A0037,L03,2026-06-01 21:48:58,11
P00649,A0059,L06,2026-06-01 17:22:14,19
P00650,A0025,L06,2026-06-01 18:29:54,7
P00651,A0037,L01,2026-06-01 10:30:56,12
P00652,A0049,L02,2026-06-01 15:33:19,26
P00653,A0007,L03,2026-06-01 07:21:26,36
P00654,A0047,L03,2026-06-01 07:49:05,31
P00655,A0009,L11,2026-06-01 14:40:03,0
P00656,A0046,L05,2026-06-01 07:36:48,10
P00657,A0040,L02,2026-06-01 09:40:27,25
P00658,A0044,L08,2026-06-01 16:34:12,23
P00659,A0002,L06,2026-06-01 21:12:01,43
P00660,A0001,L11,2026-06-01 12:44:56,22
P00661,A0035,L03,2026-06-01 08:10:04,2
P00662,A0004,L05,2026-06-01 18:27:56,43
P00663,A0017,L06,2026-06-01 20:22:48,12
P00664,A0021,L07,2026-06-01 07:46:08,13
P00665,A0003,L10,2026-06-01 16:23:45,41
P00666,A0005,L07,2026-06-01 13:49:34,39
P00667,A0007,L10,2026-06-01 10:41:53,1
P00668,A0007,L12,2026-06-01 09:24:07,35
P00669,A0030,L08,2026-06-01 12:44:43,40
P00670,A0002,L05,2026-06-01 16:42:33,17
P00671,A0026,L10,2026-06-01 15:53:57,6
P00672,A0050,L12,2026-06-01 18:07:50,6
P00673,A0009,L04,2026-06-01 18:53:33,12
P00674,A0039,L12,2026-06-01 17:02:35,31
P00675,A0009,L12,2026-06-01 14:15:00,0
P00676,A0009,L02,2026-06-01 20:09:05,32
P00677,A0010,L12,2026-06-01 13:41:14,29
P00678,A0034,L05,2026-06-01 16:52:11,2
P00679,A0034,L06,2026-06-01 14:27:47,7
P00680,A0013,L01,2026-06-01 07:42:41,10
P00681,A0009,L06,2026-06-01 13:56:46,5
P00682,A0041,L06,2026-06-01 09:25:29,17
P00683,A0016,L12,2026-06-01 15:41:56,10
P00684,A0015,L03,2026-06-01 16:54:10,6
P00685,A0025,L10,2026-06-01 19:11:39,24
P00686,A0039,L10,2026-06-01 07:30:58,31
P00687,A0015,L07,2026-06-01 16:16:41,20
P00688,A0002,L12,2026-06-01 21:49:47,36
P00689,A0009,L10,2026-06-01 08:33:33,44
P00690,A0014,L10,2026-06-01 07:30:22,42
P00691,A0058,L11,2026-06-01 16:00:41,10
P00692,A0049,L08,2026-06-01 11:04:48,31
P00693,A0006,L04,2026-06-01 08:03:32,14
P00694,A0040,L11,2026-06-01 17:05:29,28
P00695,A0054,L08,2026-06-01 09:28:20,7
P00696,A0009,L12,2026-06-01 16:25:26,2
P00697,A0009,L09,2026-06-01 06:50:38,39
P00698,A0057,L05,2026-06-01 21:13:41,42
P00699,A0047,L06,2026-06-01 16:52:14,29
P00700,A0009,L09,2026-06-01 20:45:42,23
P00701,A0006,L08,2026-06-01 07:00:21,22
P00702,A0057,L05,2026-06-01 18:44:06,2
P00703,A0021,L08,2026-06-01 09:06:16,39
P00704,A0025,L04,2026-06-01 09:13:29,12
P00705,A0006,L06,2026-06-01 09:02:59,40
P00706,A0058,L10,2026-06-01 09:29:42,37
P00707,A0049,L03,2026-06-01 05:33:47,3
P00708,A0040,L07,2026-06-01 20:59:32,11
P00709,A0060,L10,2026-06-01 07:06:24,42
P00710,A0016,L10,2026-06-01 21:56:24,26
P00711,A0029,L12,2026-06-01 13:25:21,18
P00712,A0046,L03,2026-06-01 08:53:44,35
P00713,A0036,L12,2026-06-01 21:40:13,12
P00714,A0009,L10,2026-06-01 14:58:43,8
P00715,A0028,L11,2026-06-01 11:32:34,44
P00716,A0057,L06,2026-06-01 14:35:30,37
P00717,A0054,L11,2026-06-01 21:18:56,27
P00718,A0002,L09,2026-06-01 09:09:03,42
P00719,A0008,L04,2026-06-01 07:18:43,16
P00720,A0018,L01,2026-06-01 18:13:48,34
P00721,A0005,L06,2026-06-01 10:39:55,43
P00722,A0009,L04,2026-06-01 21:24:15,32
P00723,A0014,L05,2026-06-01 16:59:24,24
P00724,A0025,L11,2026-06-01 06:00:47,16
P00725,A0025,L10,2026-06-01 20:53:14,40
P00726,A0028,L12,2026-06-01 17:49:46,12
P00727,A0034,L08,2026-06-01 06:11:11,32
P00728,A0016,L07,2026-06-01 08:35:16,8
P00729,A0020,L10,2026-06-01 05:21:29,45
P00730,A0019,L01,2026-06-01 08:38:03,40
P00731,A0027,L11,2026-06-01 08:04:50,45
P00732,A0036,L09,2026-06-01 07:33:04,32
P00733,A0020,L07,2026-06-01 19:05:22,14
P00734,A0026,L11,2026-06-01 08:18:13,39
P00735,A0052,L08,2026-06-01 05:07:42,22
P00736,A0046,L04,2026-06-01 12:02:43,20
P00737,A0042,L02,2026-06-01 18:01:58,33
P00738,A0041,L09,2026-06-01 20:31:02,18
P00739,A0006,L04,2026-06-01 06:06:10,34
P00740,A0047,L01,2026-06-01 17:42:40,13
P00741,A0059,L07,2026-06-01 12:34:53,44
P00742,A0036,L11,2026-06-01 10:47:43,9
P00743,A0004,L08,2026-06-01 05:05:04,3
P00744,A0022,L05,2026-06-01 17:58:16,26
P00745,A0016,L08,2026-06-01 19:20:01,24
P00746,A0058,L02,2026-06-01 16:48:47,37
P00747,A0006,L12,2026-06-01 14:59:32,6
P00748,A0034,L11,2026-06-01 06:18:48,28
P00749,A0042,L07,2026-06-01 05:30:10,34
P00750,A0027,L03,2026-06-01 21:18:40,9
P00751,A0004,L11,2026-06-01 14:00:35,35
P00752,A0018,L02,2026-06-01 09:34:35,5
P00753,A0035,L04,2026-06-01 14:13:26,41
P00754,A0050,L03,2026-06-01 07:39:53,16
P00755,A0024,L02,2026-06-01 06:54:48,35
P00756,A0048,L11,2026-06-01 18:42:04,16
P00757,A0013,L04,2026-06-01 20:21:22,8
P00758,A0009,L11,2026-06-01 08:39:04,12
P00759,A0036,L08,2026-06-01 18:44:37,9
P00760,A0053,L10,2026-06-01 18:27:10,0
P00761,A0036,L04,2026-06-01 15:17:53,23
P00762,A0017,L11,2026-06-01 20:29:28,22
P00763,A0035,L08,2026-06-01 17:41:38,5
P00764,A0032,L03,2026-06-01 12:16:46,40
P00765,A0010,L12,2026-06-01 06:54:32,40
P00766,A0004,L10,2026-06-01 17:58:02,35
P00767,A0031,L09,2026-06-01 21:30:41,9
P00768,A0040,L07,2026-06-01 08:08:29,32
P00769,A0050,L02,2026-06-01 16:42:15,39
P00770,A0059,L03,2026-06-01 11:28:10,11
P00771,A0053,L10,2026-06-01 17:47:46,30
P00772,A0039,L01,2026-06-01 09:14:04,16
P00773,A0041,L04,2026-06-01 07:33:58,23
P00774,A0016,L08,2026-06-01 05:02:41,20
P00775,A0014,L12,2026-06-01 13:53:47,16
P00776,A0055,L09,2026-06-01 19:41:24,23
P00777,A0036,L11,2026-06-01 10:33:16,24
P00778,A0027,L09,2026-06-01 18:31:50,30
P00779,A0029,L01,2026-06-01 17:28:10,14
P00780,A0010,L09,2026-06-01 17:09:11,10
P00781,A0040,L10,2026-06-01 10:42:14,26
P00782,A0009,L12,2026-06-01 09:30:13,37
P00783,A0020,L11,2026-06-01 05:15:02,8
P00784,A0054,L10,2026-06-01 06:57:36,9
P00785,A0008,L03,2026-06-01 07:33:25,38
P00786,A0053,L11,2026-06-01 08:05:13,28
P00787,A0029,L08,2026-06-01 11:14:53,26
P00788,A0016,L03,2026-06-01 11:39:42,32
P00789,A0031,L03,2026-06-01 14:59:29,38
P00790,A0036,L02,2026-06-01 09:08:06,1
P00791,A0025,L09,2026-06-01 21:43:26,9
P00792,A0029,L02,2026-06-01 06:56:50,34
P00793,A0049,L02,2026-06-01 07:57:38,34
P00794,A0001,L11,2026-06-01 19:23:55,2
P00795,A0014,L09,2026-06-01 19:50:49,24
P00796,A0038,L10,2026-06-01 10:27:08,16
P00797,A0038,L04,2026-06-01 10:18:38,34
P00798,A0022,L05,2026-06-01 06:36:33,7
P00799,A0051,L01,2026-06-01 17:44:51,20
P00800,A0022,L06,2026-06-01 09:41:37,16
P00801,A0031,L09,2026-06-01 18:39:17,43
P00802,A0020,L04,2026-06-01 19:11:23,35
P00803,A0009,L08,2026-06-01 08:36:22,45
P00804,A0020,L12,2026-06-01 06:47:14,28
P00805,A0014,L03,2026-06-01 09:50:21,35
P00806,A0027,L12,2026-06-01 16:10:24,40
P00807,A0001,L02,2026-06-01 20:59:38,27
P00808,A0012,L02,2026-06-01 08:05:38,2
P00809,A0009,L07,2026-06-01 15:39:41,33
P00810,A0033,L12,2026-06-01 05:49:52,11
P00811,A0057,L08,2026-06-01 17:54:42,33
P00812,A0033,L04,2026-06-01 07:39:10,43
P00813,A0005,L06,2026-06-01 06:10:05,17
P00814,A0043,L06,2026-06-01 19:37:12,33
P00815,A0002,L12,2026-06-01 10:35:18,35
P00816,A0055,L06,2026-06-01 08:14:38,12
P00817,A0047,L07,2026-06-01 18:11:26,32
P00818,A0014,L09,2026-06-01 08:21:07,32
P00819,A0030,L09,2026-06-01 13:44:28,24
P00820,A0053,L08,2026-06-01 14:49:29,43
P00821,A0047,L10,2026-06-01 20:07:16,4
P00822,A0042,L11,2026-06-01 12:43:44,14
P00823,A0036,L07,2026-06-01 21:34:00,44
P00824,A0031,L04,2026-06-01 09:43:47,21
P00825,A0010,L09,2026-06-01 20:20:22,13
P00826,A0054,L05,2026-06-01 07:31:47,12
P00827,A0029,L12,2026-06-01 08:13:14,12
P00828,A0015,L10,2026-06-01 16:07:58,5
P00829,A0058,L11,2026-06-01 16:48:54,34
P00830,A0006,L08,2026-06-01 18:31:57,36
P00831,A0032,L08,2026-06-01 08:25:14,36
P00832,A0006,L01,2026-06-01 19:30:34,2
P00833,A0049,L06,2026-06-01 17:29:07,44
P00834,A0051,L08,2026-06-01 06:00:43,13
P00835,A0042,L10,2026-06-01 08:39:55,16
P00836,A0023,L09,2026-06-01 08:30:39,21
P00837,A0040,L03,2026-06-01 17:26:44,23
P00838,A0040,L07,2026-06-01 07:36:08,36
P00839,A0059,L04,2026-06-01 13:51:15,35
P00840,A0036,L07,2026-06-01 07:30:51,0
P00841,A0022,L07,2026-06-01 18:50:31,19
P00842,A0030,L09,2026-06-01 05:25:06,44
P00843,A0020,L01,2026-06-01 08:30:53,40
P00844,A0013,L08,2026-06-01 13:23:23,35
P00845,A0009,L05,2026-06-01 09:07:22,43
P00846,A0029,L04,2026-06-01 17:49:18,22
P00847,A0006,L11,2026-06-01 19:56:05,24
P00848,A0027,L05,2026-06-01 17:55:10,40
P00849,A0037,L07,2026-06-01 19:54:58,4
P00850,A0011,L03,2026-06-01 08:20:41,18
P00851,A0028,L05,2026-06-01 19:17:56,28
P00852,A0040,L12,2026-06-01 19:26:10,11
P00853,A0003,L03,2026-06-01 13:47:44,5
P00854,A0009,L03,2026-06-01 16:04:59,30
P00855,A0040,L01,2026-06-01 09:33:48,5
P00856,A0014,L05,2026-06-01 16:41:59,24
P00857,A0035,L04,2026-06-01 08:28:40,8
P00858,A0006,L09,2026-06-01 05:02:42,22
P00859,A0006,L08,2026-06-01 18:35:28,8
P00860,A0014,L09,2026-06-01 09:40:47,40
P00861,A0053,L07,2026-06-01 18:58:22,30
P00862,A0037,L04,2026-06-01 20:19:23,26
P00863,A0031,L03,2026-06-01 06:33:52,8
P00864,A0038,L05,2026-06-01 16:44:59,31
P00865,A0038,L05,2026-06-01 09:51:18,38
P00866,A0028,L01,2026-06-01 17:26:56,35
P00867,A0036,L07,2026-06-01 09:53:24,14
P00868,A0031,L02,2026-06-01 17:33:48,39
P00869,A0060,L11,2026-06-01 08:26:12,4
P00870,A0023,L03,2026-06-01 09:39:28,17
P00871,A0014,L10,2026-06-01 18:01:09,3
P00872,A0047,L01,2026-06-01 06:18:17,8
P00873,A0006,L08,2026-06-01 12:05:09,0
P00874,A0009,L04,2026-06-01 08:50:51,31
P00875,A0041,L08,2026-06-01 16:21:05,9
P00876,A0008,L05,2026-06-01 10:34:30,11
P00877,A0024,L05,2026-06-01 05:07:49,45
P00878,A0015,L07,2026-06-01 20:15:47,2
P00879,A0025,L08,2026-06-01 10:33:42,13
P00880,A0037,L07,2026-06-01 18:59:20,10
P00881,A0056,L12,2026-06-01 06:16:30,40
P00882,A0004,L04,2026-06-01 16:55:42,13
P00883,A0015,L04,2026-06-01 18:00:10,17
P00884,A0055,L02,2026-06-01 17:00:02,37
P00885,A0060,L08,2026-06-01 17:23:49,5
P00886,A0015,L03,2026-06-01 18:59:48,40
P00887,A0008,L01,2026-06-01 17:44:34,6
P00888,A0006,L08,2026-06-01 08:51:57,28
P00889,A0024,L01,2026-06-01 18:46:08,16
P00890,A0006,L08,2026-06-01 21:18:34,44
P00891,A0040,L04,2026-06-01 18:20:46,29
P00892,A0032,L10,2026-06-01 21:10:04,33
P00893,A0019,L08,2026-06-01 08:34:23,29
P00894,A0001,L11,2026-06-01 17:56:01,39
P00895,A0040,L10,2026-06-01 06:42:34,24
P00896,A0024,L09,2026-06-01 17:39:18,20
P00897,A0022,L11,2026-06-01 06:33:42,4
P00898,A0006,L03,2026-06-01 06:12:06,31
P00899,A0024,L02,2026-06-01 09:42:31,33
P00900,A0026,L12,2026-06-01 16:23:14,38
P00901,A0006,L02,2026-06-01 07:41:31,5
P00902,A0048,L11,2026-06-01 09:52:23,45
P00903,A0008,L10,2026-06-01 06:46:04,19
P00904,A0010,L04,2026-06-01 10:06:46,14
P00905,A0047,L07,2026-06-01 07:36:40,11
P00906,A0009,L12,2026-06-01 16:49:40,36
P00907,A0039,L11,2026-06-01 19:56:06,10
P00908,A0023,L09,2026-06-01 18:42:10,34
P00909,A0016,L08,2026-06-01 14:35:20,23
P00910,A0022,L11,2026-06-01 18:38:15,36
P00911,A0037,L04,2026-06-01 18:23:28,28
P00912,A0020,L01,2026-06-01 13:38:01,33
P00913,A0017,L05,2026-06-01 07:13:54,20
P00914,A0003,L12,2026-06-01 21:32:35,36
P00915,A0054,L03,2026-06-01 09:22:09,8
P00916,A0031,L06,2026-06-01 12:14:16,19
P00917,A0012,L10,2026-06-01 17:46:04,20
P00918,A0038,L03,2026-06-01 16:38:41,19
P00919,A0005,L12,2026-06-01 15:05:49,3
P00920,A0009,L06,2026-06-01 15:26:59,7
P00921,A0028,L12,2026-06-01 16:40:49,40
P00922,A0042,L01,2026-06-01 06:20:34,36
P00923,A0019,L06,2026-06-01 17:09:03,43
P00924,A0020,L08,2026-06-01 21:05:14,27
P00925,A0034,L07,2026-06-01 08:05:30,36
P00926,A0007,L09,2026-06-01 16:25:32,27
P00927,A0014,L03,2026-06-01 20:35:12,31
P00928,A0020,L11,2026-06-01 17:15:04,17
P00929,A0036,L06,2026-06-01 16:07:42,26
P00930,A0044,L06,2026-06-01 08:22:38,41
P00931,A0004,L05,2026-06-01 08:39:52,28
P00932,A0026,L03,2026-06-01 17:12:43,23
P00933,A0019,L12,2026-06-01 10:47:03,15
P00934,A0026,L03,2026-06-01 13:00:21,44
P00935,A0015,L05,2026-06-01 16:21:13,34
P00936,A0026,L04,2026-06-01 18:35:30,39
P00937,A0018,L12,2026-06-01 16:24:37,42
P00938,A0052,L01,2026-06-01 06:18:12,44
P00939,A0026,L05,2026-06-01 06:04:24,42
P00940,A0009,L11,2026-06-01 14:55:06,1
P00941,A0034,L11,2026-06-01 19:32:45,6
P00942,A0036,L08,2026-06-01 21:05:11,12
P00943,A0049,L08,2026-06-01 16:02:15,33
P00944,A0035,L06,2026-06-01 17:01:22,43
P00945,A0039,L06,2026-06-01 17:32:17,3
P00946,A0056,L05,2026-06-01 05:35:17,14
P00947,A0019,L06,2026-06-01 11:05:46,24
P00948,A0051,L11,2026-06-01 17:26:15,36
P00949,A0019,L07,2026-06-01 14:28:34,8
P00950,A0009,L11,2026-06-01 07:55:08,19
P00951,A0060,L12,2026-06-01 11:27:58,9
P00952,A0006,L10,2026-06-01 14:04:35,34
P00953,A0009,L02,2026-06-01 07:46:01,20
P00954,A0022,L07,2026-06-01 08:09:49,12
P00955,A0014,L03,2026-06-01 08:38:36,39
P00956,A0028,L10,2026-06-01 06:22:05,44
P00957,A0038,L03,2026-06-01 19:45:41,23
P00958,A0023,L07,2026-06-01 17:10:12,14
P00959,A0005,L07,2026-06-01 05:59:17,26
P00960,A0027,L12,2026-06-01 17:48:13,4
P00961,A0022,L08,2026-06-01 20:44:20,29
P00962,A0015,L07,2026-06-01 16:38:47,24
P00963,A0009,L06,2026-06-01 16:33:06,28
P00964,A0047,L01,2026-06-01 12:33:34,25
P00965,A0006,L09,2026-06-01 16:12:18,28
P00966,A0020,L05,2026-06-01 13:29:10,27
P00967,A0034,L10,2026-06-01 21:57:09,29
P00968,A0055,L08,2026-06-01 06:11:49,37
P00969,A0014,L09,2026-06-01 09:20:28,1
P00970,A0022,L08,2026-06-01 17:56:29,5
P00971,A0030,L06,2026-06-01 17:45:46,7
P00972,A0012,L02,2026-06-01 14:05:33,45
P00973,A0016,L12,2026-06-01 21:39:10,24
P00974,A0040,L07,2026-06-01 07:58:21,36
P00975,A0036,L03,2026-06-01 07:11:49,45
P00976,A0007,L07,2026-06-01 09:18:40,11
P00977,A0016,L03,2026-06-01 05:39:48,16
P00978,A0002,L08,2026-06-01 19:34:51,0
P00979,A0029,L08,2026-06-01 09:29:26,28
P00980,A0011,L10,2026-06-01 17:56:35,17
P00981,A0026,L11,2026-06-01 17:03:11,9
P00982,A0008,L11,2026-06-01 07:54:02,42
P00983,A0054,L10,2026-06-01 06:03:06,26
P00984,A0022,L03,2026-06-01 17:29:47,37
P00985,A0040,L01,2026-06-01 08:20:23,24
P00986,A0009,L07,2026-06-01 10:18:30,8
P00987,A0016,L12,2026-06-01 14:33:26,33
P00988,A0009,L12,2026-06-01 06:06:36,40
P00989,A0052,L02,2026-06-01 18:27:38,20
P00990,A0031,L09,2026-06-01 18:59:08,39
P00991,A0053,L08,2026-06-01 19:31:51,11
P00992,A0027,L04,2026-06-01 12:00:07,1
P00993,A0048,L11,2026-06-01 12:51:39,26
P00994,A0022,L01,2026-06-01 07:00:40,12
P00995,A0060,L05,2026-06-01 06:19:19,32
P00996,A0040,L06,2026-06-01 10:43:21,21
P00997,A0020,L12,2026-06-01 16:53:11,12
P00998,A0009,L06,2026-06-01 20:58:30,2
P00999,A0055,L03,2026-06-01 19:57:55,34
P01000,A0009,L08,2026-06-01 15:59:47,3
P01001,A0051,L05,2026-06-01 18:35:34,1
P01002,A0009,L10,2026-06-01 18:04:09,17
P01003,A0004,L06,2026-06-01 21:53:10,36
P01004,A0029,L07,2026-06-01 06:55:50,19
P01005,A0028,L06,2026-06-01 13:26:05,31
P01006,A0029,L06,2026-06-01 18:13:33,19
P01007,A0022,L02,2026-06-01 16:49:12,5
P01008,A0045,L09,2026-06-01 09:57:32,9
P01009,A0024,L06,2026-06-01 21:19:49,20
P01010,A0018,L02,2026-06-01 21:43:08,13
P01011,A0009,L01,2026-06-01 16:00:19,2
P01012,A0059,L10,2026-06-01 14:29:56,2
P01013,A0014,L09,2026-06-01 13:01:36,19
P01014,A0057,L04,2026-06-01 07:18:17,34
P01015,A0036,L08,2026-06-01 18:09:10,17
P01016,A0015,L01,2026-06-01 21:32:06,13
P01017,A0037,L06,2026-06-01 18:09:45,18
P01018,A0054,L04,2026-06-01 08:39:57,21
P01019,A0037,L08,2026-06-01 06:30:57,43
P01020,A0007,L02,2026-06-01 16:27:25,11
P01021,A0028,L10,2026-06-01 20:39:22,19
P01022,A0009,L04,2026-06-01 21:05:59,29
P01023,A0053,L03,2026-06-01 09:06:29,19
P01024,A0059,L11,2026-06-01 20:30:14,14
P01025,A0018,L10,2026-06-01 08:25:11,44
P01026,A0009,L06,2026-06-01 14:29:31,1
P01027,A0009,L08,2026-06-01 09:29:54,10
P01028,A0033,L06,2026-06-01 17:32:06,25
P01029,A0006,L02,2026-06-01 06:50:19,34
P01030,A0048,L07,2026-06-01 17:39:15,35
P01031,A0020,L08,2026-06-01 18:13:52,44
P01032,A0036,L07,2026-06-01 15:36:50,21
P01033,A0037,L12,2026-06-01 06:47:59,45
P01034,A0054,L08,2026-06-01 09:20:35,6
P01035,A0045,L03,2026-06-01 09:04:38,6
P01036,A0059,L10,2026-06-01 15:20:31,41
P01037,A0036,L01,2026-06-01 07:56:37,40
P01038,A0001,L03,2026-06-01 19:34:18,24
P01039,A0027,L10,2026-06-01 17:43:56,20
P01040,A0004,L10,2026-06-01 13:58:59,27
P01041,A0006,L06,2026-06-01 05:39:32,25
P01042,A0006,L05,2026-06-01 06:00:45,35
P01043,A0039,L02,2026-06-01 05:15:27,44
P01044,A0036,L07,2026-06-01 19:25:24,27
P01045,A0037,L04,2026-06-01 19:08:12,35
P01046,A0016,L06,2026-06-01 11:18:55,42
P01047,A0006,L03,2026-06-01 06:09:46,31
P01048,A0036,L07,2026-06-01 11:05:08,41
P01049,A0025,L08,2026-06-01 15:39:11,29
P01050,A0050,L07,2026-06-01 19:24:22,14
P01051,A0023,L07,2026-06-01 19:54:46,15
P01052,A0006,L09,2026-06-01 08:02:02,36
P01053,A0038,L12,2026-06-01 19:44:05,9
P01054,A0052,L05,2026-06-01 16:33:56,39
P01055,A0012,L04,2026-06-01 16:43:40,34
P01056,A0055,L05,2026-06-01 18:34:49,0
P01057,A0037,L08,2026-06-01 19:36:46,21
P01058,A0025,L06,2026-06-01 13:18:10,2
P01059,A0060,L10,2026-06-01 13:03:40,30
P01060,A0055,L03,2026-06-01 18:51:47,39
P01061,A0004,L05,2026-06-01 17:32:04,17
P01062,A0030,L03,2026-06-01 18:54:16,0
P01063,A0015,L10,2026-06-01 07:42:28,23
P01064,A0022,L05,2026-06-01 12:31:11,33
P01065,A0005,L06,2026-06-01 11:38:59,9
P01066,A0009,L07,2026-06-01 12:42:28,40
P01067,A0021,L04,2026-06-01 18:03:41,16
P01068,A0015,L01,2026-06-01 09:30:19,30
P01069,A0047,L04,2026-06-01 19:30:16,9
P01070,A0052,L07,2026-06-01 09:24:43,20
P01071,A0052,L11,2026-06-01 10:58:34,40
P01072,A0039,L07,2026-06-01 18:21:17,17
P01073,A0013,L05,2026-06-01 19:29:49,43
P01074,A0029,L12,2026-06-01 17:33:21,43
P01075,A0060,L03,2026-06-01 06:43:00,4
P01076,A0002,L07,2026-06-01 06:43:28,22
P01077,A0027,L12,2026-06-01 07:02:01,39
P01078,A0012,L01,2026-06-01 12:38:40,7
P01079,A0028,L02,2026-06-01 07:24:42,41
P01080,A0053,L03,2026-06-01 11:16:18,29
P01081,A0036,L02,2026-06-01 18:49:27,44
P01082,A0009,L06,2026-06-01 06:17:49,3
P01083,A0042,L07,2026-06-01 06:16:52,16
P01084,A0022,L08,2026-06-01 07:39:25,11
P01085,A0055,L08,2026-06-01 09:13:39,41
P01086,A0014,L08,2026-06-01 10:02:04,4
P01087,A0054,L12,2026-06-01 09:01:57,31
P01088,A0019,L11,2026-06-01 16:42:24,17
P01089,A0019,L12,2026-06-01 09:36:00,32
P01090,A0028,L08,2026-06-01 19:54:46,4
P01091,A0037,L04,2026-06-01 09:07:36,34
P01092,A0039,L06,2026-06-01 19:03:40,41
P01093,A0012,L06,2026-06-01 18:05:53,29
P01094,A0034,L11,2026-06-01 06:24:42,12
P01095,A0004,L12,2026-06-01 16:40:44,22
P01096,A0040,L02,2026-06-01 20:47:12,8
P01097,A0005,L04,2026-06-01 07:31:24,4
P01098,A0037,L11,2026-06-01 09:01:02,21
P01099,A0008,L06,2026-06-01 05:25:07,13
P01100,A0006,L11,2026-06-01 17:47:37,14
P01101,A0010,L01,2026-06-01 20:41:01,30
P01102,A0026,L01,2026-06-01 07:00:11,40
P01103,A0007,L05,2026-06-01 10:29:39,10
P01104,A0036,L02,2026-06-01 10:07:31,38
P01105,A0027,L04,2026-06-01 07:27:21,43
P01106,A0043,L06,2026-06-01 07:20:53,13
P01107,A0006,L10,2026-06-01 06:07:17,9
P01108,A0025,L03,2026-06-01 17:28:15,37
P01109,A0006,L03,2026-06-01 09:49:10,1
P01110,A0040,L02,2026-06-01 07:59:05,45
P01111,A0006,L10,2026-06-01 15:44:51,30
P01112,A0060,L03,2026-06-01 08:33:28,26
P01113,A0029,L03,2026-06-01 16:38:11,45
P01114,A0009,L10,2026-06-01 13:22:26,0
P01115,A0009,L04,2026-06-01 06:39:23,34
P01116,A0049,L04,2026-06-01 17:17:03,12
P01117,A0015,L03,2026-06-01 19:31:11,10
P01118,A0009,L01,2026-06-01 08:18:13,27
P01119,A0030,L06,2026-06-01 19:02:06,3
P01120,A0047,L03,2026-06-01 06:31:32,7
P01121,A0010,L04,2026-06-01 14:26:12,43
P01122,A0006,L04,2026-06-01 14:14:06,15
P01123,A0022,L04,2026-06-01 17:04:30,37
P01124,A0040,L01,2026-06-01 11:13:59,39
P01125,A0047,L03,2026-06-01 17:29:46,12
P01126,A0056,L06,2026-06-01 12:21:08,2
P01127,A0060,L10,2026-06-01 07:07:54,29
P01128,A0047,L07,2026-06-01 08:14:56,18
P01129,A0029,L03,2026-06-01 11:36:35,14
P01130,A0012,L07,2026-06-01 20:55:13,37
P01131,A0037,L08,2026-06-01 09:47:55,15
P01132,A0015,L06,2026-06-01 17:57:59,37
P01133,A0019,L10,2026-06-01 15:02:02,30
P01134,A0049,L01,2026-06-01 19:30:51,44
P01135,A0013,L08,2026-06-01 16:35:48,0
P01136,A0060,L12,2026-06-01 17:08:22,18
P01137,A0029,L11,2026-06-01 05:30:42,19
P01138,A0020,L12,2026-06-01 16:29:29,8
P01139,A0028,L07,2026-06-01 08:40:29,45
P01140,A0057,L01,2026-06-01 10:24:57,44
P01141,A0009,L09,2026-06-01 09:48:17,44
P01142,A0027,L09,2026-06-01 17:50:43,5
P01143,A0026,L06,2026-06-01 05:32:58,43
P01144,A0040,L01,2026-06-01 08:29:39,2
P01145,A0040,L06,2026-06-01 06:35:45,13
P01146,A0017,L06,2026-06-01 06:41:30,37
P01147,A0014,L04,2026-06-01 12:20:22,17
P01148,A0049,L11,2026-06-01 16:04:23,22
P01149,A0046,L08,2026-06-01 16:30:45,34
P01150,A0058,L09,2026-06-01 20:39:23,43
P01151,A0060,L02,2026-06-01 09:05:05,25
P01152,A0022,L05,2026-06-01 10:06:10,17
P01153,A0015,L12,2026-06-01 07:55:13,33
P01154,A0056,L01,2026-06-01 07:30:22,26
P01155,A0045,L12,2026-06-01 18:12:04,1
P01156,A0028,L09,2026-06-01 19:37:21,41
P01157,A0055,L06,2026-06-01 19:29:19,36
P01158,A0006,L05,2026-06-01 08:14:30,23
P01159,A0033,L01,2026-06-01 08:29:10,39
P01160,A0020,L12,2026-06-01 17:11:53,45
P01161,A0060,L11,2026-06-01 11:15:07,2
P01162,A0036,L10,2026-06-01 08:23:11,13
P01163,A0009,L12,2026-06-01 08:22:09,23
P01164,A0046,L09,2026-06-01 21:19:07,1
P01165,A0043,L08,2026-06-01 20:59:20,9
P01166,A0001,L12,2026-06-01 18:41:45,18
P01167,A0037,L05,2026-06-01 11:51:36,28
P01168,A0037,L12,2026-06-01 09:57:02,8
P01169,A0058,L09,2026-06-01 06:25:39,14
P01170,A0046,L06,2026-06-01 06:38:41,12
P01171,A0055,L09,2026-06-01 08:12:01,5
P01172,A0047,L08,2026-06-01 16:32:25,12
P01173,A0040,L06,2026-06-01 16:58:42,23
P01174,A0020,L03,2026-06-01 15:23:24,23
P01175,A0002,L05,2026-06-01 08:28:55,35
P01176,A0012,L04,2026-06-01 20:47:26,28
P01177,A0033,L03,2026-06-01 15:46:57,26
P01178,A0017,L10,2026-06-01 17:13:19,30
P01179,A0052,L06,2026-06-01 09:05:00,26
P01180,A0057,L05,2026-06-01 19:45:36,8
P01181,A0025,L03,2026-06-01 13:35:31,2
P01182,A0004,L10,2026-06-01 09:14:01,0
P01183,A0019,L05,2026-06-01 09:07:41,42
P01184,A0033,L07,2026-06-01 07:01:07,17
P01185,A0009,L02,2026-06-01 18:37:30,36
P01186,A0036,L05,2026-06-01 19:44:52,7
P01187,A0041,L09,2026-06-01 05:54:16,10
P01188,A0055,L01,2026-06-01 09:56:44,8
P01189,A0039,L03,2026-06-01 08:26:40,22
P01190,A0007,L05,2026-06-01 06:32:12,40
P01191,A0023,L02,2026-06-01 17:34:20,20
P01192,A0059,L05,2026-06-01 08:06:34,37
P01193,A0039,L03,2026-06-01 08:23:49,31
P01194,A0022,L06,2026-06-01 11:06:13,9
P01195,A0049,L04,2026-06-01 21:39:44,33
P01196,A0047,L12,2026-06-01 16:26:29,4
P01197,A0015,L03,2026-06-01 20:22:19,44
P01198,A0040,L03,2026-06-01 21:48:21,11
P01199,A0028,L05,2026-06-01 06:14:08,44
P01200,A0018,L12,2026-06-01 07:13:08,5
P01201,A0044,L12,2026-06-01 10:04:01,30
P01202,A0036,L01,2026-06-01 06:50:42,32
P01203,A0036,L01,2026-06-01 18:02:04,19
P01204,A0009,L01,2026-06-01 10:58:38,13
P01205,A0036,L04,2026-06-01 08:01:05,9
P01206,A0032,L10,2026-06-01 07:54:32,39
P01207,A0029,L09,2026-06-01 16:52:37,0
P01208,A0052,L04,2026-06-01 13:10:57,34
P01209,A0001,L12,2026-06-01 07:58:32,45
P01210,A0037,L06,2026-06-01 17:28:43,6
P01211,A0023,L06,2026-06-01 15:13:32,14
P01212,A0022,L02,2026-06-01 14:07:29,7
P01213,A0051,L03,2026-06-01 18:45:18,35
P01214,A0009,L01,2026-06-01 09:07:24,18
P01215,A0047,L10,2026-06-01 20:14:35,26
P01216,A0034,L07,2026-06-01 06:57:53,30
P01217,A0058,L06,2026-06-01 09:43:06,25
P01218,A0045,L09,2026-06-01 16:07:09,25
P01219,A0043,L12,2026-06-01 16:47:59,10
P01220,A0009,L06,2026-06-01 14:12:38,25
P01221,A0016,L04,2026-06-01 20:17:48,45
P01222,A0055,L10,2026-06-01 09:22:30,42
P01223,A0029,L07,2026-06-01 21:17:09,29
P01224,A0014,L02,2026-06-01 09:14:40,8
P01225,A0004,L02,2026-06-01 10:31:43,1
P01226,A0022,L07,2026-06-01 18:09:19,39
P01227,A0026,L02,2026-06-01 21:49:31,29
P01228,A0025,L05,2026-06-01 19:32:16,34
P01229,A0037,L09,2026-06-01 16:27:56,7
P01230,A0016,L08,2026-06-01 09:28:29,2
P01231,A0005,L03,2026-06-01 18:56:45,10
P01232,A0040,L07,2026-06-01 09:31:48,7
P01233,A0053,L11,2026-06-01 19:30:35,10
P01234,A0049,L01,2026-06-01 19:37:24,39
P01235,A0058,L06,2026-06-01 13:20:03,1
P01236,A0036,L01,2026-06-01 08:22:51,37
P01237,A0004,L11,2026-06-01 06:27:22,22
P01238,A0022,L06,2026-06-01 07:15:15,41
P01239,A0035,L10,2026-06-01 06:55:19,7
P01240,A0037,L03,2026-06-01 08:02:29,42
P01241,A0044,L10,2026-06-01 19:17:01,44
P01242,A0037,L10,2026-06-01 08:24:36,24
P01243,A0006,L10,2026-06-01 09:06:44,43
P01244,A0009,L06,2026-06-01 18:10:39,19
P01245,A0040,L07,2026-06-01 06:53:54,34
P01246,A0026,L05,2026-06-01 08:36:25,14
P01247,A0026,L12,2026-06-01 10:37:21,17
P01248,A0009,L10,2026-06-01 20:27:13,22
P01249,A0010,L11,2026-06-01 21:51:19,27
P01250,A0036,L09,2026-06-01 09:25:16,39
P01251,A0050,L08,2026-06-01 17:56:01,40
P01252,A0028,L09,2026-06-01 20:13:42,29
P01253,A0009,L11,2026-06-01 19:59:36,40
P01254,A0008,L09,2026-06-01 09:09:15,9
P01255,A0059,L05,2026-06-01 15:20:55,4
P01256,A0057,L04,2026-06-01 13:52:18,41
P01257,A0020,L05,2026-06-01 17:25:15,7
P01258,A0019,L04,2026-06-01 08:29:31,35
P01259,A0036,L07,2026-06-01 16:12:10,17
P01260,A0017,L01,2026-06-01 08:42:35,11
P01261,A0055,L01,2026-06-01 20:50:01,3
P01262,A0011,L06,2026-06-01 16:57:26,23
P01263,A0009,L11,2026-06-01 15:53:46,8
P01264,A0029,L02,2026-06-01 16:33:42,37
P01265,A0052,L05,2026-06-01 16:15:38,7
P01266,A0036,L06,2026-06-01 15:51:47,15
P01267,A0044,L04,2026-06-01 07:13:17,28
P01268,A0022,L05,2026-06-01 05:31:34,23
P01269,A0014,L02,2026-06-01 09:30:43,15
P01270,A0032,L03,2026-06-01 18:52:19,1
P01271,A0055,L10,2026-06-01 06:44:58,42
P01272,A0029,L05,2026-06-01 18:40:44,23
P01273,A0059,L02,2026-06-01 17:54:28,24
P01274,A0002,L07,2026-06-01 13:19:05,15
P01275,A0004,L04,2026-06-01 11:58:28,40
P01276,A0036,L11,2026-06-01 16:17:55,5
P01277,A0040,L08,2026-06-01 14:45:27,6
P01278,A0020,L12,2026-06-01 06:22:26,38
P01279,A0040,L12,2026-06-01 06:48:03,41
P01280,A0055,L03,2026-06-01 17:00:25,12
P01281,A0056,L05,2026-06-01 06:07:10,15
P01282,A0051,L12,2026-06-01 11:54:38,43
P01283,A0022,L06,2026-06-01 17:16:11,43
P01284,A0036,L06,2026-06-01 12:05:26,23
P01285,A0023,L07,2026-06-01 12:01:01,35
P01286,A0055,L10,2026-06-01 16:29:12,16
P01287,A0014,L03,2026-06-01 09:38:16,9
P01288,A0012,L06,2026-06-01 06:00:45,33
P01289,A0036,L08,2026-06-01 20:07:14,45
P01290,A0009,L04,2026-06-01 13:18:47,31
P01291,A0042,L03,2026-06-01 17:38:13,18
P01292,A0058,L04,2026-06-01 19:50:09,1
P01293,A0034,L05,2026-06-01 09:58:15,23
P01294,A0055,L11,2026-06-01 16:00:30,8
P01295,A0006,L12,2026-06-01 17:45:24,45
P01296,A0044,L12,2026-06-01 16:06:35,3
P01297,A0007,L06,2026-06-01 20:58:22,38
P01298,A0009,L10,2026-06-01 05:00:16,32
P01299,A0026,L07,2026-06-01 09:42:23,8
P01300,A0009,L01,2026-06-01 18:10:32,31
P01301,A0037,L08,2026-06-01 08:45:33,27
P01302,A0018,L05,2026-06-01 06:08:31,17
P01303,A0040,L07,2026-06-01 08:39:53,16
P01304,A0051,L06,2026-06-01 17:20:47,31
P01305,A0019,L09,2026-06-01 20:03:12,9
P01306,A0007,L04,2026-06-01 09:16:10,45
P01307,A0048,L07,2026-06-01 09:02:28,22
P01308,A0028,L09,2026-06-01 19:07:54,9
P01309,A0016,L06,2026-06-01 08:11:53,10
P01310,A0050,L05,2026-06-01 17:37:00,33
P01311,A0054,L03,2026-06-01 16:15:49,31
P01312,A0058,L02,2026-06-01 05:18:43,43
P01313,A0016,L07,2026-06-01 16:53:20,9
P01314,A0004,L02,2026-06-01 19:29:40,17
P01315,A0016,L11,2026-06-01 06:41:39,28
P01316,A0006,L12,2026-06-01 11:13:55,3
P01317,A0055,L05,2026-06-01 06:47:04,35
P01318,A0029,L07,2026-06-01 08:11:15,25
P01319,A0012,L01,2026-06-01 11:24:49,25
P01320,A0033,L11,2026-06-01 11:07:19,31
P01321,A0036,L12,2026-06-01 13:57:43,38
P01322,A0006,L06,2026-06-01 18:32:12,31
P01323,A0046,L07,2026-06-01 19:05:48,27
P01324,A0041,L10,2026-06-01 09:05:02,32
P01325,A0037,L08,2026-06-01 17:59:31,33
P01326,A0056,L11,2026-06-01 18:29:27,5
P01327,A0038,L05,2026-06-01 07:43:57,19
P01328,A0015,L09,2026-06-01 16:35:04,2
P01329,A0050,L02,2026-06-01 19:06:29,42
P01330,A0009,L10,2026-06-01 14:16:37,5
P01331,A0049,L01,2026-06-01 09:11:50,11
P01332,A0020,L01,2026-06-01 08:20:37,29
P01333,A0009,L08,2026-06-01 18:21:58,11
P01334,A0026,L03,2026-06-01 08:55:43,6
P01335,A0036,L09,2026-06-01 09:07:00,10
P01336,A0006,L08,2026-06-01 19:55:42,38
P01337,A0009,L08,2026-06-01 08:44:43,44
P01338,A0058,L07,2026-06-01 10:08:08,0
P01339,A0024,L02,2026-06-01 12:54:01,13
P01340,A0038,L11,2026-06-01 07:27:53,40
P01341,A0047,L04,2026-06-01 09:09:30,27
P01342,A0003,L02,2026-06-01 07:47:44,28
P01343,A0040,L08,2026-06-01 09:37:15,12
P01344,A0034,L10,2026-06-01 15:03:21,0
P01345,A0014,L11,2026-06-01 15:26:54,31
P01346,A0055,L10,2026-06-01 13:02:31,25
P01347,A0040,L09,2026-06-01 19:14:45,3
P01348,A0052,L01,2026-06-01 18:35:04,17
P01349,A0055,L07,2026-06-01 10:31:39,41
P01350,A0038,L08,2026-06-01 16:10:18,12
P01351,A0037,L06,2026-06-01 17:37:58,43
P01352,A0037,L10,2026-06-01 20:08:56,18
P01353,A0009,L12,2026-06-01 19:53:43,41
P01354,A0040,L08,2026-06-01 11:39:13,18
P01355,A0060,L12,2026-06-01 09:08:11,12
P01356,A0020,L10,2026-06-01 19:31:19,15
P01357,A0009,L09,2026-06-01 06:22:56,16
P01358,A0039,L11,2026-06-01 06:51:04,21
P01359,A0036,L02,2026-06-01 16:35:14,31
P01360,A0031,L06,2026-06-01 05:49:56,35
P01361,A0009,L03,2026-06-01 21:38:42,6
P01362,A0028,L01,2026-06-01 20:51:29,7
P01363,A0014,L10,2026-06-01 16:52:35,2
P01364,A0049,L02,2026-06-01 06:55:13,23
P01365,A0020,L12,2026-06-01 09:48:32,31
P01366,A0013,L03,2026-06-01 18:52:08,7
P01367,A0025,L08,2026-06-01 05:15:53,30
P01368,A0037,L05,2026-06-01 16:17:23,45
P01369,A0025,L06,2026-06-01 17:09:48,33
P01370,A0025,L04,2026-06-01 09:26:58,26
P01371,A0047,L09,2026-06-01 14:01:28,9
P01372,A0002,L12,2026-06-01 10:05:21,20
P01373,A0043,L03,2026-06-01 19:48:02,42
P01374,A0055,L03,2026-06-01 05:40:45,42
P01375,A0051,L05,2026-06-01 18:46:47,20
P01376,A0038,L01,2026-06-01 21:39:58,9
P01377,A0014,L07,2026-06-01 17:56:34,39
P01378,A0026,L11,2026-06-01 18:56:51,41
P01379,A0043,L04,2026-06-01 10:02:34,21
P01380,A0016,L12,2026-06-01 11:33:34,18
P01381,A0026,L02,2026-06-01 18:33:21,40
P01382,A0020,L01,2026-06-01 08:15:53,19
P01383,A0009,L07,2026-06-01 10:46:03,23
P01384,A0031,L11,2026-06-01 16:03:48,41
P01385,A0016,L08,2026-06-01 06:29:21,15
P01386,A0055,L10,2026-06-01 21:54:38,14
P01387,A0038,L05,2026-06-01 07:45:24,33
P01388,A0015,L02,2026-06-01 07:52:49,23
P01389,A0047,L02,2026-06-01 09:53:26,5
P01390,A0012,L01,2026-06-01 17:30:13,28
P01391,A0010,L06,2026-06-01 19:37:35,33
P01392,A0020,L05,2026-06-01 19:28:44,31
P01393,A0025,L03,2026-06-01 07:31:45,29
P01394,A0006,L12,2026-06-01 16:44:13,29
P01395,A0037,L01,2026-06-01 21:23:58,7
P01396,A0029,L07,2026-06-01 08:36:18,2
P01397,A0051,L03,2026-06-01 08:23:19,18
P01398,A0040,L01,2026-06-01 11:50:37,26
P01399,A0007,L05,2026-06-01 12:11:52,31
P01400,A0001,L02,2026-06-01 16:55:02,26
P01401,A0038,L10,2026-06-01 09:57:21,24
P01402,A0037,L12,2026-06-01 11:48:08,32
P01403,A0057,L08,2026-06-01 20:09:55,20
P01404,A0012,L10,2026-06-01 19:24:14,25
P01405,A0037,L09,2026-06-01 09:47:17,41
P01406,A0012,L03,2026-06-01 13:35:41,7
P01407,A0055,L09,2026-06-01 06:36:33,12
P01408,A0037,L09,2026-06-01 10:42:59,34
P01409,A0023,L01,2026-06-01 07:15:53,45
P01410,A0055,L08,2026-06-01 08:25:37,2
P01411,A0040,L01,2026-06-01 07:26:01,33
P01412,A0036,L07,2026-06-01 06:06:34,10
P01413,A0033,L03,2026-06-01 06:09:19,26
P01414,A0058,L03,2026-06-01 08:11:01,45
P01415,A0008,L05,2026-06-01 18:09:26,20
P01416,A0031,L07,2026-06-01 10:03:12,15
P01417,A0016,L10,2026-06-01 09:07:17,3
P01418,A0036,L08,2026-06-01 16:30:01,26
P01419,A0057,L04,2026-06-01 05:17:35,37
P01420,A0058,L02,2026-06-01 07:19:36,26
P01421,A0046,L02,2026-06-01 21:13:50,9
P01422,A0041,L09,2026-06-01 12:34:27,35
P01423,A0046,L01,2026-06-01 09:53:39,18
P01424,A0006,L03,2026-06-01 09:17:38,16
P01425,A0059,L07,2026-06-01 12:37:53,32
P01426,A0033,L01,2026-06-01 06:19:05,25
P01427,A0014,L02,2026-06-01 21:17:56,27
P01428,A0009,L10,2026-06-01 18:56:43,21
P01429,A0057,L05,2026-06-01 20:17:15,42
P01430,A0006,L06,2026-06-01 08:01:58,44
P01431,A0017,L11,2026-06-01 20:00:57,0
P01432,A0058,L03,2026-06-01 19:48:25,34
P01433,A0011,L11,2026-06-01 16:57:53,42
P01434,A0045,L11,2026-06-01 09:52:38,22
P01435,A0016,L03,2026-06-01 05:07:29,23
P01436,A0024,L08,2026-06-01 06:48:17,43
P01437,A0028,L06,2026-06-01 08:51:45,14
P01438,A0028,L08,2026-06-01 05:17:31,45
P01439,A0028,L10,2026-06-01 07:52:40,25
P01440,A0015,L05,2026-06-01 19:10:35,12
P01441,A0036,L12,2026-06-01 17:04:37,8
P01442,A0009,L03,2026-06-01 07:56:33,17
P01443,A0024,L11,2026-06-01 08:43:35,29
P01444,A0001,L07,2026-06-01 16:54:20,27
P01445,A0022,L05,2026-06-01 09:31:23,33
P01446,A0006,L12,2026-06-01 08:58:26,34
P01447,A0046,L06,2026-06-01 07:21:05,36
P01448,A0004,L12,2026-06-01 09:04:58,15
P01449,A0025,L03,2026-06-01 06:40:40,6
P01450,A0004,L08,2026-06-01 16:37:51,40
P01451,A0009,L05,2026-06-01 09:15:21,3
P01452,A0009,L09,2026-06-01 10:49:38,39
P01453,A0045,L02,2026-06-01 16:05:03,2
P01454,A0042,L06,2026-06-01 10:50:08,3
P01455,A0045,L01,2026-06-01 09:04:06,43
P01456,A0008,L09,2026-06-01 09:25:06,39
P01457,A0022,L04,2026-06-01 05:29:24,29
P01458,A0044,L10,2026-06-01 18:41:43,1
P01459,A0047,L09,2026-06-01 07:06:06,0
P01460,A0016,L12,2026-06-01 07:57:36,8
P01461,A0057,L09,2026-06-01 09:30:46,39
P01462,A0045,L03,2026-06-01 06:03:08,19
P01463,A0055,L07,2026-06-01 18:19:37,34
P01464,A0018,L03,2026-06-01 18:18:23,0
P01465,A0051,L10,2026-06-01 17:03:15,32
P01466,A0009,L01,2026-06-01 17:12:40,12
P01467,A0009,L06,2026-06-01 09:44:44,29
P01468,A0016,L12,2026-06-01 08:39:19,26
P01469,A0009,L03,2026-06-01 06:31:14,0
P01470,A0057,L04,2026-06-01 19:39:13,15
P01471,A0038,L12,2026-06-01 14:51:47,24
P01472,A0009,L07,2026-06-01 06:23:00,4
P01473,A0039,L01,2026-06-01 17:18:28,12
P01474,A0056,L10,2026-06-01 14:02:01,12
P01475,A0025,L05,2026-06-01 08:46:11,21
P01476,A0040,L04,2026-06-01 06:11:53,16
P01477,A0013,L01,2026-06-01 11:24:41,7
P01478,A0037,L04,2026-06-01 07:23:51,23
P01479,A0036,L03,2026-06-01 15:56:45,4
P01480,A0016,L03,2026-06-01 11:50:12,12
P01481,A0047,L07,2026-06-01 18:38:27,40
P01482,A0015,L01,2026-06-01 12:54:34,18
P01483,A0019,L06,2026-06-01 08:55:08,32
P01484,A0055,L08,2026-06-01 06:50:30,42
P01485,A0027,L02,2026-06-01 09:48:56,41
P01486,A0050,L06,2026-06-01 19:11:20,45
P01487,A0041,L09,2026-06-01 19:30:17,37
P01488,A0043,L11,2026-06-01 05:13:14,12
P01489,A0046,L04,2026-06-01 18:27:56,24
P01490,A0054,L03,2026-06-01 14:16:35,5
P01491,A0017,L02,2026-06-01 08:14:37,2
P01492,A0048,L09,2026-06-01 19:28:29,27
P01493,A0022,L06,2026-06-01 14:17:24,1
P01494,A0022,L08,2026-06-01 06:22:57,5
P01495,A0034,L09,2026-06-01 16:50:17,14
P01496,A0013,L02,2026-06-01 06:34:12,21
P01497,A0025,L11,2026-06-01 08:47:52,43
P01498,A0032,L04,2026-06-01 11:54:48,45
P01499,A0037,L05,2026-06-01 08:18:52,22
P01500,A0043,L07,2026-06-01 05:30:41,32
P01501,A0019,L07,2026-06-01 07:30:14,33
P01502,A0036,L09,2026-06-01 20:21:50,5
P01503,A0036,L04,2026-06-01 19:13:28,28
P01504,A0009,L01,2026-06-01 17:19:47,0
P01505,A0009,L11,2026-06-01 14:14:26,27
P01506,A0059,L07,2026-06-01 21:19:20,37
P01507,A0003,L10,2026-06-01 11:09:21,36
P01508,A0056,L10,2026-06-01 15:24:13,25
P01509,A0009,L09,2026-06-01 19:06:21,36
P01510,A0046,L11,2026-06-01 10:10:06,43
P01511,A0040,L03,2026-06-01 09:01:11,12
P01512,A0009,L07,2026-06-01 07:18:42,33
P01513,A0009,L08,2026-06-01 06:10:20,26
P01514,A0020,L03,2026-06-01 11:34:26,30
P01515,A0009,L07,2026-06-01 12:08:55,13
P01516,A0035,L07,2026-06-01 20:10:38,36
P01517,A0035,L10,2026-06-01 09:17:12,0
P01518,A0018,L08,2026-06-01 09:38:51,15
P01519,A0052,L06,2026-06-01 20:29:29,36
P01520,A0006,L12,2026-06-01 09:22:44,45
P01521,A0004,L07,2026-06-01 17:26:15,11
P01522,A0026,L12,2026-06-01 19:58:42,11
P01523,A0014,L10,2026-06-01 06:15:56,10
P01524,A0032,L11,2026-06-01 16:44:46,13
P01525,A0009,L07,2026-06-01 21:07:23,4
P01526,A0014,L09,2026-06-01 14:26:28,10
P01527,A0030,L04,2026-06-01 19:01:04,40
P01528,A0060,L11,2026-06-01 15:21:47,25
P01529,A0024,L07,2026-06-01 08:07:45,8
P01530,A0006,L11,2026-06-01 20:29:04,5
P01531,A0040,L11,2026-06-01 09:08:30,17
P01532,A0020,L03,2026-06-01 10:11:18,7
P01533,A0047,L12,2026-06-01 16:42:48,0
P01534,A0058,L05,2026-06-01 08:11:13,45
P01535,A0005,L11,2026-06-01 19:44:03,40
P01536,A0051,L11,2026-06-01 16:24:44,19
P01537,A0045,L01,2026-06-01 16:49:24,12
P01538,A0015,L06,2026-06-01 12:05:01,26
P01539,A0004,L01,2026-06-01 07:43:42,4
P01540,A0027,L02,2026-06-01 11:46:10,2
P01541,A0025,L09,2026-06-01 08:20:35,40
P01542,A0024,L10,2026-06-01 09:27:07,14
P01543,A0026,L02,2026-06-01 17:00:25,41
P01544,A0036,L01,2026-06-01 19:14:04,42
P01545,A0032,L11,2026-06-01 16:04:56,13
P01546,A0022,L05,2026-06-01 20:06:45,34
P01547,A0053,L03,2026-06-01 06:38:20,40
P01548,A0014,L07,2026-06-01 17:21:11,40
P01549,A0060,L06,2026-06-01 20:04:21,1
P01550,A0029,L10,2026-06-01 17:32:37,45
P01551,A0002,L04,2026-06-01 06:19:15,27
P01552,A0015,L10,2026-06-01 07:23:31,18
P01553,A0025,L03,2026-06-01 16:15:59,38
P01554,A0045,L12,2026-06-01 11:17:20,41
P01555,A0006,L09,2026-06-01 15:41:52,18
P01556,A0004,L04,2026-06-01 14:21:15,13
P01557,A0037,L01,2026-06-01 12:51:43,44
P01558,A0009,L04,2026-06-01 19:33:20,11
P01559,A0045,L11,2026-06-01 09:04:12,3
P01560,A0057,L03,2026-06-01 11:05:11,37
P01561,A0040,L04,2026-06-01 06:27:46,29
P01562,A0035,L03,2026-06-01 12:27:11,38
P01563,A0015,L05,2026-06-01 09:40:12,17
P01564,A0038,L02,2026-06-01 14:25:24,10
P01565,A0037,L08,2026-06-01 19:48:09,30
P01566,A0003,L07,2026-06-01 16:48:58,19
P01567,A0016,L09,2026-06-01 07:16:24,29
P01568,A0035,L08,2026-06-01 09:04:21,8
P01569,A0006,L08,2026-06-01 07:00:00,32
P01570,A0009,L06,2026-06-01 19:25:47,23
P01571,A0016,L08,2026-06-01 06:26:56,2
P01572,A0016,L07,2026-06-01 11:12:48,27
P01573,A0030,L12,2026-06-01 09:40:44,23
P01574,A0014,L01,2026-06-01 19:47:15,15
P01575,A0038,L01,2026-06-01 14:40:45,43
P01576,A0004,L12,2026-06-01 17:16:38,29
P01577,A0059,L03,2026-06-01 07:00:07,5
P01578,A0055,L12,2026-06-01 15:45:37,5
P01579,A0051,L04,2026-06-01 11:53:27,16
P01580,A0060,L05,2026-06-01 19:37:19,26
P01581,A0012,L02,2026-06-01 18:52:09,17
P01582,A0009,L12,2026-06-01 18:00:10,31
P01583,A0001,L02,2026-06-01 09:33:26,41
P01584,A0033,L12,2026-06-01 17:23:11,45
P01585,A0017,L04,2026-06-01 16:28:36,13
P01586,A0023,L04,2026-06-01 07:51:48,12
P01587,A0031,L07,2026-06-01 16:55:40,10
P01588,A0011,L05,2026-06-01 06:17:04,21
P01589,A0004,L10,2026-06-01 09:43:48,6
P01590,A0002,L01,2026-06-01 06:42:37,2
P01591,A0013,L04,2026-06-01 16:24:38,33
P01592,A0009,L08,2026-06-01 18:38:27,21
P01593,A0041,L11,2026-06-01 14:52:15,23
P01594,A0009,L07,2026-06-01 16:22:55,21
P01595,A0013,L01,2026-06-01 19:46:53,8
P01596,A0004,L10,2026-06-01 08:44:48,15
P01597,A0041,L08,2026-06-01 19:32:26,42
P01598,A0024,L01,2026-06-01 14:01:40,23
P01599,A0006,L12,2026-06-01 09:14:38,31
P01600,A0043,L12,2026-06-01 16:22:27,30
P01601,A0036,L12,2026-06-01 15:18:38,12
P01602,A0006,L03,2026-06-01 21:02:08,31
P01603,A0012,L05,2026-06-01 21:55:29,10
P01604,A0046,L02,2026-06-01 17:15:13,10
P01605,A0036,L12,2026-06-01 09:45:01,10
P01606,A0006,L07,2026-06-01 12:46:16,42
P01607,A0037,L11,2026-06-01 07:59:34,40
P01608,A0009,L08,2026-06-01 08:55:14,36
P01609,A0016,L02,2026-06-01 19:58:45,24
P01610,A0006,L11,2026-06-01 15:51:14,14
P01611,A0031,L02,2026-06-01 06:05:21,37
P01612,A0024,L12,2026-06-01 14:08:54,20
P01613,A0042,L10,2026-06-01 13:03:37,34
P01614,A0024,L07,2026-06-01 14:49:23,43
P01615,A0006,L09,2026-06-01 17:06:25,0
P01616,A0047,L08,2026-06-01 08:53:14,31
P01617,A0059,L08,2026-06-01 08:09:47,42
P01618,A0014,L01,2026-06-01 18:32:44,7
P01619,A0032,L12,2026-06-01 17:31:18,45
P01620,A0042,L01,2026-06-01 14:09:52,45
P01621,A0009,L12,2026-06-01 12:44:47,3
P01622,A0022,L08,2026-06-01 13:52:42,10
P01623,A0003,L09,2026-06-01 19:43:30,22
P01624,A0020,L07,2026-06-01 08:18:44,12
P01625,A0014,L09,2026-06-01 17:20:48,37
P01626,A0007,L12,2026-06-01 07:36:08,28
P01627,A0014,L08,2026-06-01 07:13:13,12
P01628,A0006,L01,2026-06-01 16:43:50,9
P01629,A0042,L07,2026-06-01 17:59:03,6
P01630,A0039,L08,2026-06-01 06:07:32,41
P01631,A0037,L10,2026-06-01 17:40:46,25
P01632,A0015,L01,2026-06-01 09:31:19,44
P01633,A0016,L03,2026-06-01 19:49:44,42
P01634,A0036,L02,2026-06-01 15:17:40,41
P01635,A0045,L06,2026-06-01 06:05:07,31
P01636,A0055,L11,2026-06-01 12:01:37,36
P01637,A0054,L08,2026-06-01 06:50:37,11
P01638,A0016,L08,2026-06-01 15:19:36,8
P01639,A0013,L06,2026-06-01 07:25:52,44
P01640,A0003,L07,2026-06-01 19:04:33,37
P01641,A0047,L12,2026-06-01 10:48:48,13
P01642,A0036,L02,2026-06-01 07:00:35,28
P01643,A0036,L02,2026-06-01 07:41:10,5
P01644,A0009,L05,2026-06-01 05:05:07,32
P01645,A0004,L06,2026-06-01 11:27:42,0
P01646,A0015,L05,2026-06-01 08:42:34,28
P01647,A0017,L10,2026-06-01 18:33:58,22
P01648,A0029,L09,2026-06-01 16:42:52,2
P01649,A0029,L01,2026-06-01 08:54:53,13
P01650,A0017,L10,2026-06-01 18:17:08,39
P01651,A0044,L02,2026-06-01 18:24:41,10
P01652,A0043,L08,2026-06-01 08:43:27,44
P01653,A0018,L09,2026-06-01 08:40:44,41
P01654,A0024,L12,2026-06-01 17:26:52,9
P01655,A0036,L07,2026-06-01 17:04:17,7
P01656,A0047,L02,2026-06-01 19:04:21,40
P01657,A0012,L06,2026-06-01 13:09:55,14
P01658,A0032,L01,2026-06-01 07:24:06,7
P01659,A0022,L09,2026-06-01 13:37:52,31
P01660,A0013,L09,2026-06-01 08:35:17,38
P01661,A0013,L01,2026-06-01 09:11:22,43
P01662,A0047,L09,2026-06-01 19:30:37,8
P01663,A0031,L01,2026-06-01 17:42:08,9
P01664,A0042,L10,2026-06-01 05:58:46,40
P01665,A0041,L12,2026-06-01 15:45:29,11
P01666,A0045,L06,2026-06-01 21:18:17,27
P01667,A0051,L12,2026-06-01 12:19:40,5
P01668,A0035,L07,2026-06-01 10:40:05,4
P01669,A0029,L02,2026-06-01 06:05:47,18
P01670,A0040,L08,2026-06-01 05:27:43,32
P01671,A0017,L08,2026-06-01 16:25:00,39
P01672,A0024,L12,2026-06-01 09:44:34,22
P01673,A0015,L12,2026-06-01 16:38:28,10
P01674,A0058,L09,2026-06-01 11:04:23,8
P01675,A0050,L06,2026-06-01 15:31:24,10
P01676,A0041,L02,2026-06-01 07:53:34,7
P01677,A0034,L05,2026-06-01 18:13:00,40
P01678,A0053,L07,2026-06-01 08:59:59,41
P01679,A0050,L01,2026-06-01 20:03:22,0
P01680,A0027,L08,2026-06-01 08:06:00,22
P01681,A0009,L03,2026-06-01 16:06:27,31
P01682,A0025,L02,2026-06-01 17:26:07,31
P01683,A0001,L03,2026-06-01 13:14:30,25
P01684,A0041,L05,2026-06-01 17:34:51,17
P01685,A0014,L08,2026-06-01 19:10:08,22
P01686,A0036,L01,2026-06-01 17:07:12,18
P01687,A0006,L03,2026-06-01 18:57:02,10
P01688,A0009,L04,2026-06-01 13:07:26,31
P01689,A0040,L08,2026-06-01 11:20:48,25
P01690,A0049,L12,2026-06-01 15:08:07,6
P01691,A0003,L03,2026-06-01 06:49:43,15
P01692,A0007,L11,2026-06-01 15:38:47,0
P01693,A0036,L08,2026-06-01 09:05:48,27
P01694,A0015,L10,2026-06-01 07:15:17,7
P01695,A0031,L12,2026-06-01 09:12:30,45
P01696,A0014,L12,2026-06-01 11:12:54,37
P01697,A0056,L11,2026-06-01 06:08:25,2
P01698,A0032,L04,2026-06-01 15:01:39,12
P01699,A0012,L01,2026-06-01 18:44:40,14
P01700,A0027,L06,2026-06-01 16:32:27,41
P01701,A0007,L05,2026-06-01 08:17:22,45
P01702,A0025,L04,2026-06-01 06:11:02,0
P01703,A0007,L11,2026-06-01 12:18:30,17
P01704,A0029,L02,2026-06-01 18:31:23,21
P01705,A0004,L02,2026-06-01 06:43:35,8
P01706,A0009,L06,2026-06-01 14:47:49,37
P01707,A0052,L10,2026-06-01 18:13:37,24
P01708,A0012,L02,2026-06-01 06:02:37,41
P01709,A0024,L04,2026-06-01 10:04:34,39
P01710,A0037,L05,2026-06-01 12:34:46,9
P01711,A0006,L03,2026-06-01 08:57:56,35
P01712,A0038,L06,2026-06-01 16:58:27,4
P01713,A0038,L07,2026-06-01 16:10:38,17
P01714,A0014,L03,2026-06-01 06:50:44,12
P01715,A0020,L08,2026-06-01 16:10:28,32
P01716,A0016,L09,2026-06-01 15:38:17,13
P01717,A0023,L01,2026-06-01 07:37:44,0
P01718,A0050,L08,2026-06-01 18:19:54,14
P01719,A0034,L12,2026-06-01 06:10:14,2
P01720,A0047,L04,2026-06-01 07:56:17,8
P01721,A0009,L01,2026-06-01 17:52:13,34
P01722,A0015,L01,2026-06-01 18:20:05,45
P01723,A0040,L05,2026-06-01 15:57:39,18
P01724,A0006,L01,2026-06-01 16:52:22,14
P01725,A0032,L03,2026-06-01 06:34:42,37
P01726,A0014,L12,2026-06-01 15:41:16,40
P01727,A0057,L10,2026-06-01 19:14:20,17
P01728,A0009,L10,2026-06-01 19:09:28,14
P01729,A0009,L07,2026-06-01 19:05:31,11
P01730,A0047,L03,2026-06-01 11:12:36,31
P01731,A0023,L11,2026-06-01 08:10:56,11
P01732,A0020,L11,2026-06-01 16:09:04,27
P01733,A0015,L08,2026-06-01 15:06:46,33
P01734,A0017,L12,2026-06-01 05:38:06,24
P01735,A0016,L01,2026-06-01 06:48:53,41
P01736,A0006,L03,2026-06-01 06:17:09,40
P01737,A0016,L01,2026-06-01 05:50:06,34
P01738,A0037,L12,2026-06-01 07:30:48,36
P01739,A0045,L03,2026-06-01 09:09:15,3
P01740,A0037,L12,2026-06-01 06:01:52,2
P01741,A0014,L09,2026-06-01 09:09:00,14
P01742,A0004,L04,2026-06-01 17:22:41,18
P01743,A0027,L11,2026-06-01 16:31:10,7
P01744,A0027,L02,2026-06-01 13:22:04,39
P01745,A0009,L02,2026-06-01 16:57:02,38
P01746,A0019,L03,2026-06-01 18:38:11,43
P01747,A0044,L03,2026-06-01 13:39:52,18
P01748,A0038,L02,2026-06-01 09:42:23,16
P01749,A0006,L02,2026-06-01 11:49:41,9
P01750,A0036,L03,2026-06-01 19:52:04,7
P01751,A0054,L07,2026-06-01 13:09:05,20
P01752,A0006,L03,2026-06-01 14:20:31,27
P01753,A0038,L12,2026-06-01 14:08:51,41
P01754,A0015,L07,2026-06-01 19:34:34,31
P01755,A0047,L09,2026-06-01 15:05:37,45
P01756,A0025,L09,2026-06-01 17:44:05,15
P01757,A0040,L01,2026-06-01 06:23:35,30
P01758,A0017,L02,2026-06-01 08:23:54,8
P01759,A0034,L08,2026-06-01 09:15:13,14
P01760,A0008,L12,2026-06-01 07:24:46,1
P01761,A0014,L07,2026-06-01 16:42:37,4
P01762,A0038,L10,2026-06-01 05:09:23,9
P01763,A0011,L04,2026-06-01 09:09:48,11
P01764,A0037,L12,2026-06-01 08:30:26,21
P01765,A0045,L11,2026-06-01 18:07:09,3
P01766,A0055,L01,2026-06-01 17:32:10,0
P01767,A0020,L07,2026-06-01 19:35:45,16
P01768,A0054,L09,2026-06-01 07:27:59,10
P01769,A0009,L02,2026-06-01 17:47:13,25
P01770,A0026,L01,2026-06-01 07:52:47,35
P01771,A0029,L02,2026-06-01 20:30:20,41
P01772,A0055,L07,2026-06-01 11:03:51,23
P01773,A0055,L07,2026-06-01 06:06:04,23
P01774,A0029,L06,2026-06-01 08:10:34,6
P01775,A0009,L04,2026-06-01 18:12:35,12
P01776,A0057,L01,2026-06-01 06:36:36,2
P01777,A0053,L08,2026-06-01 08:05:19,0
P01778,A0039,L05,2026-06-01 21:12:20,25
P01779,A0009,L06,2026-06-01 10:21:26,32
P01780,A0013,L09,2026-06-01 11:01:37,24
P01781,A0038,L10,2026-06-01 05:18:10,9
P01782,A0059,L08,2026-06-01 06:45:14,13
P01783,A0059,L11,2026-06-01 07:32:33,38
P01784,A0006,L09,2026-06-01 14:28:50,8
P01785,A0037,L05,2026-06-01 19:02:57,45
P01786,A0059,L07,2026-06-01 06:09:36,40
P01787,A0009,L02,2026-06-01 11:49:55,19
P01788,A0040,L02,2026-06-01 19:20:10,18
P01789,A0020,L02,2026-06-01 08:22:05,4
P01790,A0022,L12,2026-06-01 13:30:16,28
P01791,A0006,L03,2026-06-01 20:02:23,18
P01792,A0043,L07,2026-06-01 11:28:23,32
P01793,A0026,L06,2026-06-01 19:32:28,16
P01794,A0059,L01,2026-06-01 16:47:50,15
P01795,A0014,L09,2026-06-01 06:18:24,10
P01796,A0053,L07,2026-06-01 12:24:55,29
P01797,A0009,L02,2026-06-01 09:41:34,29
P01798,A0014,L02,2026-06-01 06:58:59,25
P01799,A0036,L04,2026-06-01 16:20:21,38
P01800,A0040,L04,2026-06-01 20:07:17,29
P01801,A0005,L09,2026-06-01 09:09:40,13
P01802,A0036,L10,2026-06-01 09:03:59,23
P01803,A0036,L08,2026-06-01 07:55:01,43
P01804,A0044,L05,2026-06-01 07:05:09,4
P01805,A0032,L07,2026-06-01 09:55:26,33
P01806,A0026,L11,2026-06-01 11:53:03,5
P01807,A0044,L06,2026-06-01 13:10:12,22
P01808,A0025,L08,2026-06-01 17:44:27,22
P01809,A0060,L10,2026-06-01 16:35:50,38
P01810,A0025,L02,2026-06-01 11:20:42,20
P01811,A0002,L03,2026-06-01 11:31:55,20
P01812,A0015,L11,2026-06-01 16:28:53,8
P01813,A0057,L08,2026-06-01 16:02:13,12
P01814,A0025,L12,2026-06-01 17:38:24,13
P01815,A0038,L04,2026-06-01 05:23:52,23
P01816,A0003,L05,2026-06-01 21:52:55,7
P01817,A0014,L08,2026-06-01 19:26:26,22
P01818,A0039,L09,2026-06-01 18:07:59,11
P01819,A0047,L07,2026-06-01 17:34:27,24
P01820,A0033,L11,2026-06-01 19:40:18,44
P01821,A0026,L02,2026-06-01 10:05:41,1
P01822,A0027,L07,2026-06-01 06:40:28,32
P01823,A0055,L01,2026-06-01 19:13:14,29
P01824,A0040,L07,2026-06-01 09:07:22,29
P01825,A0022,L11,2026-06-01 15:00:23,14
P01826,A0049,L05,2026-06-01 08:19:53,26
P01827,A0058,L04,2026-06-01 09:02:00,1
P01828,A0019,L06,2026-06-01 21:52:47,38
P01829,A0036,L06,2026-06-01 09:15:35,25
P01830,A0024,L10,2026-06-01 16:51:59,36
P01831,A0044,L03,2026-06-01 15:46:11,25
P01832,A0036,L09,2026-06-01 07:06:45,8
P01833,A0049,L02,2026-06-01 19:53:48,40
P01834,A0031,L09,2026-06-01 08:13:05,5
P01835,A0004,L07,2026-06-01 07:01:39,45
P01836,A0037,L02,2026-06-01 16:47:46,8
P01837,A0047,L11,2026-06-01 18:11:15,41
P01838,A0027,L05,2026-06-01 07:46:49,24
P01839,A0031,L11,2026-06-01 06:59:09,40
P01840,A0003,L11,2026-06-01 10:07:29,38
P01841,A0016,L02,2026-06-01 08:57:11,5
P01842,A0010,L08,2026-06-01 12:25:06,31
P01843,A0003,L07,2026-06-01 06:13:43,26
P01844,A0042,L06,2026-06-01 19:51:10,11
P01845,A0004,L01,2026-06-01 05:07:21,22
P01846,A0038,L10,2026-06-01 16:10:33,16
P01847,A0016,L04,2026-06-01 16:33:32,9
P01848,A0026,L06,2026-06-01 07:01:20,8
P01849,A0027,L02,2026-06-01 11:17:17,30
P01850,A0025,L02,2026-06-01 08:29:47,31
P01851,A0036,L09,2026-06-01 12:16:11,12
P01852,A0059,L12,2026-06-01 09:06:37,37
P01853,A0035,L03,2026-06-01 20:27:56,28
P01854,A0044,L10,2026-06-01 14:39:06,38
P01855,A0016,L07,2026-06-01 08:23:57,40
P01856,A0009,L08,2026-06-01 06:32:16,37
P01857,A0022,L05,2026-06-01 18:25:01,7
P01858,A0023,L06,2026-06-01 17:22:15,4
P01859,A0026,L11,2026-06-01 17:49:20,7
P01860,A0002,L06,2026-06-01 18:13:29,36
P01861,A0006,L04,2026-06-01 19:18:38,13
P01862,A0052,L04,2026-06-01 08:45:38,42
P01863,A0010,L10,2026-06-01 15:43:48,27
P01864,A0036,L06,2026-06-01 06:51:31,31
P01865,A0006,L05,2026-06-01 16:28:10,38
P01866,A0006,L10,2026-06-01 16:18:01,41
P01867,A0054,L01,2026-06-01 13:08:53,25
P01868,A0005,L09,2026-06-01 05:21:41,1
P01869,A0009,L08,2026-06-01 09:46:19,17
P01870,A0036,L06,2026-06-01 18:31:39,3
P01871,A0020,L05,2026-06-01 19:31:54,41
P01872,A0016,L06,2026-06-01 10:01:14,3
P01873,A0002,L03,2026-06-01 08:55:44,27
P01874,A0027,L03,2026-06-01 08:52:57,34
P01875,A0001,L12,2026-06-01 13:56:50,2
P01876,A0015,L01,2026-06-01 10:16:21,44
P01877,A0027,L07,2026-06-01 07:59:08,37
P01878,A0047,L02,2026-06-01 07:48:37,26
P01879,A0057,L08,2026-06-01 17:36:30,42
P01880,A0040,L05,2026-06-01 09:14:05,16
P01881,A0034,L12,2026-06-01 07:42:41,13
P01882,A0060,L02,2026-06-01 09:03:13,0
P01883,A0009,L04,2026-06-01 19:12:31,6
P01884,A0037,L04,2026-06-01 21:32:54,20
P01885,A0035,L12,2026-06-01 17:54:32,6
P01886,A0006,L04,2026-06-01 15:28:55,39
P01887,A0050,L04,2026-06-01 12:04:17,27
P01888,A0021,L11,2026-06-01 06:09:29,6
P01889,A0015,L04,2026-06-01 09:11:17,1
P01890,A0037,L11,2026-06-01 18:16:07,35
P01891,A0011,L06,2026-06-01 17:25:32,27
P01892,A0050,L06,2026-06-01 08:23:06,3
P01893,A0006,L07,2026-06-01 15:12:18,12
P01894,A0043,L03,2026-06-01 19:33:27,6
P01895,A0059,L01,2026-06-01 16:14:07,3
P01896,A0005,L10,2026-06-01 06:34:06,17
P01897,A0027,L10,2026-06-01 19:25:25,6
P01898,A0027,L12,2026-06-01 13:31:13,10
P01899,A0009,L06,2026-06-01 18:46:00,6
P01900,A0023,L09,2026-06-01 20:47:19,44
P01901,A0029,L03,2026-06-01 06:10:11,21
P01902,A0047,L03,2026-06-01 20:27:21,1
P01903,A0022,L05,2026-06-01 11:43:48,0
P01904,A0016,L06,2026-06-01 05:31:55,15
P01905,A0037,L02,2026-06-01 06:36:43,18
P01906,A0028,L09,2026-06-01 17:49:06,6
P01907,A0004,L12,2026-06-01 09:47:22,34
P01908,A0030,L11,2026-06-01 18:29:00,22
P01909,A0004,L12,2026-06-01 09:07:17,43
P01910,A0051,L12,2026-06-01 17:26:54,14
P01911,A0036,L03,2026-06-01 16:15:36,44
P01912,A0036,L06,2026-06-01 06:12:58,24
P01913,A0057,L02,2026-06-01 21:57:58,28
P01914,A0052,L03,2026-06-01 08:56:21,25
P01915,A0036,L07,2026-06-01 13:19:12,2
P01916,A0055,L09,2026-06-01 10:27:50,29
P01917,A0053,L06,2026-06-01 06:31:59,43
P01918,A0018,L08,2026-06-01 18:39:35,42
P01919,A0020,L05,2026-06-01 16:51:18,0
P01920,A0047,L01,2026-06-01 06:03:31,19
P01921,A0001,L07,2026-06-01 16:03:16,8
P01922,A0038,L05,2026-06-01 21:42:49,35
P01923,A0019,L02,2026-06-01 11:46:12,27
P01924,A0055,L02,2026-06-01 06:30:59,22
P01925,A0015,L11,2026-06-01 19:25:57,6
P01926,A0031,L05,2026-06-01 17:36:27,43
P01927,A0006,L10,2026-06-01 07:16:08,26
P01928,A0040,L04,2026-06-01 06:19:36,40
P01929,A0048,L09,2026-06-01 09:06:08,33
P01930,A0045,L12,2026-06-01 08:29:22,27
P01931,A0048,L07,2026-06-01 20:01:58,35
P01932,A0004,L07,2026-06-01 07:39:58,19
P01933,A0015,L10,2026-06-01 17:39:34,36
P01934,A0034,L01,2026-06-01 15:08:25,42
P01935,A0001,L08,2026-06-01 21:29:53,3
P01936,A0011,L01,2026-06-01 06:21:38,6
P01937,A0034,L10,2026-06-01 18:55:03,7
P01938,A0055,L11,2026-06-01 16:44:13,33
P01939,A0018,L09,2026-06-01 20:08:14,43
P01940,A0057,L03,2026-06-01 08:46:59,0
P01941,A0040,L10,2026-06-01 16:04:00,9
P01942,A0029,L02,2026-06-01 17:13:06,30
P01943,A0004,L09,2026-06-01 16:59:07,19
P01944,A0043,L08,2026-06-01 12:53:54,34
P01945,A0031,L10,2026-06-01 16:27:09,40
P01946,A0003,L03,2026-06-01 07:10:32,44
P01947,A0037,L04,2026-06-01 18:18:42,6
P01948,A0036,L08,2026-06-01 18:25:24,44
P01949,A0014,L08,2026-06-01 19:09:01,18
P01950,A0047,L02,2026-06-01 16:37:19,2
P01951,A0055,L11,2026-06-01 20:02:58,22
P01952,A0017,L08,2026-06-01 20:17:00,10
P01953,A0039,L09,2026-06-01 21:13:22,45
P01954,A0052,L07,2026-06-01 17:41:09,22
P01955,A0006,L12,2026-06-01 19:45:54,8
P01956,A0032,L11,2026-06-01 09:04:58,41
P01957,A0038,L07,2026-06-01 11:36:45,32
P01958,A0036,L09,2026-06-01 08:37:37,22
P01959,A0055,L10,2026-06-01 10:02:01,10
P01960,A0028,L02,2026-06-01 19:59:43,30
P01961,A0006,L04,2026-06-01 12:06:57,11
P01962,A0016,L07,2026-06-01 05:39:16,7
P01963,A0005,L12,2026-06-01 08:38:40,1
P01964,A0022,L06,2026-06-01 09:24:08,40
P01965,A0054,L09,2026-06-01 08:31:28,43
P01966,A0033,L04,2026-06-01 07:27:52,33
P01967,A0024,L02,2026-06-01 16:13:02,8
P01968,A0001,L06,2026-06-01 21:55:04,21
P01969,A0023,L11,2026-06-01 21:31:12,13
P01970,A0054,L08,2026-06-01 18:39:57,35
P01971,A0017,L02,2026-06-01 19:55:04,36
P01972,A0011,L03,2026-06-01 13:06:07,31
P01973,A0028,L01,2026-06-01 18:01:14,18
P01974,A0030,L07,2026-06-01 10:55:55,10
P01975,A0033,L02,2026-06-01 17:54:33,39
P01976,A0049,L05,2026-06-01 16:34:44,7
P01977,A0055,L08,2026-06-01 13:41:01,2
P01978,A0037,L07,2026-06-01 08:56:48,3
P01979,A0017,L04,2026-06-01 18:59:48,42
P01980,A0008,L04,2026-06-01 16:22:04,26
P01981,A0016,L12,2026-06-01 16:56:35,30
P01982,A0006,L05,2026-06-01 10:02:31,32
P01983,A0027,L11,2026-06-01 19:19:50,14
P01984,A0003,L01,2026-06-01 07:34:38,24
P01985,A0059,L11,2026-06-01 21:30:03,24
P01986,A0042,L12,2026-06-01 09:35:08,7
P01987,A0045,L02,2026-06-01 14:22:12,21
P01988,A0036,L01,2026-06-01 06:37:00,14
P01989,A0022,L12,2026-06-01 21:36:02,0
P01990,A0009,L04,2026-06-01 10:03:08,28
P01991,A0023,L05,2026-06-01 08:38:41,15
P01992,A0034,L03,2026-06-01 19:42:07,42
P01993,A0010,L02,2026-06-01 07:31:45,22
P01994,A0027,L08,2026-06-01 14:49:35,18
P01995,A0006,L04,2026-06-01 18:20:44,34
P01996,A0049,L02,2026-06-01 09:45:39,31
P01997,A0032,L02,2026-06-01 07:53:33,14
P01998,A0035,L12,2026-06-01 16:23:46,9
P01999,A0005,L04,2026-06-01 19:07:01,31
P02000,A0005,L05,2026-06-01 09:19:52,5
P02001,A0008,L05,2026-06-01 15:31:01,24
P02002,A0016,L08,2026-06-01 07:24:11,42
P02003,A0036,L09,2026-06-01 08:02:34,22
P02004,A0004,L10,2026-06-01 14:59:53,16
P02005,A0036,L04,2026-06-01 14:46:53,39
P02006,A0036,L07,2026-06-01 05:51:06,35
P02007,A0016,L12,2026-06-01 13:54:34,29
P02008,A0044,L10,2026-06-01 21:16:10,24
P02009,A0048,L12,2026-06-01 12:08:58,0
P02010,A0032,L11,2026-06-01 10:15:49,34
P02011,A0034,L06,2026-06-01 16:39:17,23
P02012,A0009,L11,2026-06-01 06:07:19,36
P02013,A0036,L06,2026-06-01 11:28:29,1
P02014,A0045,L01,2026-06-01 18:30:40,35
P02015,A0026,L07,2026-06-01 06:17:57,39
P02016,A0040,L06,2026-06-01 20:11:16,17
P02017,A0031,L08,2026-06-01 07:09:55,39
P02018,A0006,L01,2026-06-01 06:11:43,32
P02019,A0045,L10,2026-06-01 07:03:45,16
P02020,A0030,L01,2026-06-01 18:34:45,2
P02021,A0016,L04,2026-06-01 06:32:28,7
P02022,A0050,L02,2026-06-01 08:36:23,43
P02023,A0025,L02,2026-06-01 18:09:01,20
P02024,A0029,L06,2026-06-01 09:57:41,23
P02025,A0037,L05,2026-06-01 17:23:02,18
P02026,A0019,L10,2026-06-01 07:51:20,32
P02027,A0006,L12,2026-06-01 18:13:24,37
P02028,A0005,L11,2026-06-01 15:48:41,5
P02029,A0010,L04,2026-06-01 19:34:46,7
P02030,A0052,L01,2026-06-01 19:20:17,12
P02031,A0054,L05,2026-06-01 14:15:51,23
P02032,A0028,L08,2026-06-01 06:44:15,28
P02033,A0022,L06,2026-06-01 06:58:23,41
P02034,A0038,L10,2026-06-01 09:14:36,8
P02035,A0047,L04,2026-06-01 15:43:37,42
P02036,A0017,L10,2026-06-01 08:21:20,7
P02037,A0011,L07,2026-06-01 17:36:31,40
P02038,A0025,L03,2026-06-01 05:10:07,26
P02039,A0031,L09,2026-06-01 20:47:06,8
P02040,A0005,L07,2026-06-01 07:04:08,32
P02041,A0052,L07,2026-06-01 14:08:25,44
P02042,A0009,L04,2026-06-01 10:21:57,21
P02043,A0036,L10,2026-06-01 16:04:47,22
P02044,A0046,L07,2026-06-01 19:18:48,30
P02045,A0014,L03,2026-06-01 21:05:09,0
P02046,A0036,L10,2026-06-01 19:24:20,28
P02047,A0022,L09,2026-06-01 13:49:06,14
P02048,A0004,L08,2026-06-01 09:18:20,24
P02049,A0036,L03,2026-06-01 05:52:47,13
P02050,A0036,L09,2026-06-01 08:06:22,18
P02051,A0021,L02,2026-06-01 09:28:14,10
P02052,A0033,L05,2026-06-01 10:59:14,42
P02053,A0032,L03,2026-06-01 07:01:38,2
P02054,A0037,L09,2026-06-01 05:31:53,1
P02055,A0041,L04,2026-06-01 09:46:28,33
P02056,A0006,L08,2026-06-01 06:45:45,7
P02057,A0045,L07,2026-06-01 16:55:08,17
P02058,A0009,L02,2026-06-01 10:47:50,14
P02059,A0010,L06,2026-06-01 08:17:29,40
P02060,A0050,L11,2026-06-01 14:57:59,2
P02061,A0036,L02,2026-06-01 21:20:12,35
P02062,A0036,L11,2026-06-01 06:15:08,37
P02063,A0042,L04,2026-06-01 18:30:09,31
P02064,A0023,L12,2026-06-01 17:12:40,5
P02065,A0051,L12,2026-06-01 05:27:04,31
P02066,A0009,L10,2026-06-01 07:02:26,44
P02067,A0031,L10,2026-06-01 17:40:22,30
P02068,A0052,L11,2026-06-01 13:53:14,18
P02069,A0009,L08,2026-06-01 19:38:22,34
P02070,A0038,L05,2026-06-01 06:56:57,18
P02071,A0025,L08,2026-06-01 09:07:11,29
P02072,A0036,L11,2026-06-01 09:45:08,30
P02073,A0040,L10,2026-06-01 17:01:18,17
P02074,A0049,L04,2026-06-01 15:03:35,20
P02075,A0031,L11,2026-06-01 09:51:28,27
P02076,A0043,L05,2026-06-01 13:31:46,14
P02077,A0037,L11,2026-06-01 13:28:26,14
P02078,A0054,L03,2026-06-01 16:39:39,21
P02079,A0006,L10,2026-06-01 16:51:24,5
P02080,A0028,L06,2026-06-01 21:04:41,3
P02081,A0051,L04,2026-06-01 17:10:53,34
P02082,A0020,L12,2026-06-01 07:58:23,21
P02083,A0022,L04,2026-06-01 17:00:02,1
P02084,A0052,L02,2026-06-01 19:02:10,18
P02085,A0004,L01,2026-06-01 07:02:17,7
P02086,A0042,L11,2026-06-01 18:55:05,4
P02087,A0010,L09,2026-06-01 15:01:00,34
P02088,A0029,L03,2026-06-01 09:12:53,38
P02089,A0035,L06,2026-06-01 16:19:17,29
P02090,A0025,L02,2026-06-01 09:24:18,27
P02091,A0012,L04,2026-06-01 21:17:30,18
P02092,A0014,L09,2026-06-01 19:01:31,25
P02093,A0041,L09,2026-06-01 20:14:36,1
P02094,A0020,L04,2026-06-01 19:36:06,41
P02095,A0035,L06,2026-06-01 06:06:35,10
P02096,A0009,L08,2026-06-01 16:09:25,39
P02097,A0037,L09,2026-06-01 12:03:49,31
P02098,A0030,L07,2026-06-01 08:53:09,2
P02099,A0006,L12,2026-06-01 19:55:00,17
P02100,A0060,L04,2026-06-01 20:34:31,20
P02101,A0006,L04,2026-06-01 09:32:35,5
P02102,A0014,L07,2026-06-01 19:08:48,0
P02103,A0020,L09,2026-06-01 11:12:28,7
P02104,A0005,L07,2026-06-01 19:08:47,35
P02105,A0025,L07,2026-06-01 06:27:18,43
P02106,A0009,L09,2026-06-01 08:36:41,10
P02107,A0018,L05,2026-06-01 17:51:39,45
P02108,A0041,L09,2026-06-01 19:29:13,21
P02109,A0009,L03,2026-06-01 09:00:20,26
P02110,A0022,L03,2026-06-01 16:19:44,12
P02111,A0025,L12,2026-06-01 09:21:06,3
P02112,A0026,L08,2026-06-01 16:22:40,35
P02113,A0027,L06,2026-06-01 17:17:18,27
P02114,A0055,L12,2026-06-01 09:59:16,35
P02115,A0037,L11,2026-06-01 16:37:09,6
P02116,A0026,L05,2026-06-01 06:08:51,33
P02117,A0036,L11,2026-06-01 14:36:49,37
P02118,A0029,L05,2026-06-01 20:13:10,0
P02119,A0028,L04,2026-06-01 07:09:10,30
P02120,A0001,L06,2026-06-01 06:08:32,28
P02121,A0044,L11,2026-06-01 18:32:48,7
P02122,A0029,L09,2026-06-01 19:45:30,22
P02123,A0035,L09,2026-06-01 06:56:38,13
P02124,A0021,L11,2026-06-01 11:53:27,35
P02125,A0045,L08,2026-06-01 18:43:07,35
P02126,A0036,L11,2026-06-01 06:55:23,29
P02127,A0009,L06,2026-06-01 12:39:35,12
P02128,A0042,L06,2026-06-01 06:12:28,23
P02129,A0052,L04,2026-06-01 08:21:06,23
P02130,A0030,L09,2026-06-01 13:02:41,17
P02131,A0055,L08,2026-06-01 18:17:40,3
P02132,A0054,L01,2026-06-01 20:38:40,29
P02133,A0040,L03,2026-06-01 16:02:23,1
P02134,A0027,L12,2026-06-01 07:55:54,8
P02135,A0011,L07,2026-06-01 10:03:28,40
P02136,A0028,L01,2026-06-01 08:54:12,41
P02137,A0027,L12,2026-06-01 08:57:45,10
P02138,A0036,L12,2026-06-01 21:00:42,25
P02139,A0025,L11,2026-06-01 16:12:52,32
P02140,A0018,L12,2026-06-01 07:28:02,17
P02141,A0029,L04,2026-06-01 19:11:40,0
P02142,A0035,L05,2026-06-01 16:21:29,36
P02143,A0014,L02,2026-06-01 19:05:07,5
P02144,A0023,L12,2026-06-01 08:37:40,1
P02145,A0021,L01,2026-06-01 08:29:05,15
P02146,A0035,L11,2026-06-01 17:47:48,8
P02147,A0035,L01,2026-06-01 18:11:17,8
P02148,A0053,L06,2026-06-01 17:17:56,12
P02149,A0022,L05,2026-06-01 09:16:05,31
P02150,A0039,L10,2026-06-01 19:53:40,43
P02151,A0021,L01,2026-06-01 15:09:34,36
P02152,A0009,L12,2026-06-01 18:13:21,44
P02153,A0049,L09,2026-06-01 13:05:32,13
P02154,A0031,L04,2026-06-01 16:59:07,33
P02155,A0036,L11,2026-06-01 07:29:37,20
P02156,A0041,L10,2026-06-01 16:20:44,6
P02157,A0056,L06,2026-06-01 05:10:26,30
P02158,A0009,L06,2026-06-01 16:11:58,22
P02159,A0035,L03,2026-06-01 17:48:01,28
P02160,A0027,L08,2026-06-01 19:46:25,30
P02161,A0015,L05,2026-06-01 14:30:43,25
P02162,A0004,L01,2026-06-01 12:48:59,32
P02163,A0014,L07,2026-06-01 18:36:25,37
P02164,A0004,L03,2026-06-01 18:56:38,44
P02165,A0052,L04,2026-06-01 11:08:42,21
P02166,A0007,L02,2026-06-01 07:51:22,29
P02167,A0020,L03,2026-06-01 17:12:56,11
P02168,A0004,L05,2026-06-01 07:54:13,27
P02169,A0012,L12,2026-06-01 08:00:30,10
P02170,A0038,L02,2026-06-01 19:44:13,30
P02171,A0009,L07,2026-06-01 12:48:58,6
P02172,A0016,L03,2026-06-01 07:25:49,20
P02173,A0033,L11,2026-06-01 15:38:25,34
P02174,A0010,L06,2026-06-01 16:14:56,38
P02175,A0022,L04,2026-06-01 18:32:52,0
P02176,A0027,L10,2026-06-01 10:41:14,8
P02177,A0009,L04,2026-06-01 08:27:05,21
P02178,A0016,L11,2026-06-01 07:18:19,24
P02179,A0058,L08,2026-06-01 09:11:10,25
P02180,A0059,L09,2026-06-01 20:51:05,22
P02181,A0059,L12,2026-06-01 09:51:51,0
P02182,A0020,L06,2026-06-01 09:43:29,0
P02183,A0040,L11,2026-06-01 15:27:49,3
P02184,A0004,L07,2026-06-01 06:38:51,28
P02185,A0049,L06,2026-06-01 14:54:34,23
P02186,A0015,L03,2026-06-01 21:48:24,43
P02187,A0011,L03,2026-06-01 08:12:32,39
P02188,A0047,L07,2026-06-01 08:02:07,31
P02189,A0047,L06,2026-06-01 08:16:27,21
P02190,A0058,L05,2026-06-01 05:34:17,11
P02191,A0034,L06,2026-06-01 19:20:19,40
P02192,A0005,L10,2026-06-01 06:34:47,25
P02193,A0015,L03,2026-06-01 06:08:46,9
P02194,A0057,L08,2026-06-01 18:22:29,44
P02195,A0026,L04,2026-06-01 21:36:29,2
P02196,A0010,L06,2026-06-01 17:38:46,40
P02197,A0013,L07,2026-06-01 16:21:59,40
P02198,A0004,L07,2026-06-01 17:47:16,41
P02199,A0011,L07,2026-06-01 12:36:16,19
P02200,A0027,L09,2026-06-01 17:44:51,3
P02201,A0041,L10,2026-06-01 19:17:47,44
P02202,A0023,L05,2026-06-01 16:38:25,11
P02203,A0058,L05,2026-06-01 09:13:01,26
P02204,A0036,L03,2026-06-01 09:38:50,40
P02205,A0036,L02,2026-06-01 06:45:20,14
P02206,A0009,L10,2026-06-01 09:37:26,40
P02207,A0016,L06,2026-06-01 19:59:35,0
P02208,A0037,L06,2026-06-01 09:09:29,31
P02209,A0009,L09,2026-06-01 19:16:25,2
P02210,A0036,L10,2026-06-01 20:35:22,5
P02211,A0009,L12,2026-06-01 14:19:18,20
P02212,A0046,L11,2026-06-01 17:39:37,10
P02213,A0026,L06,2026-06-01 19:48:01,18
P02214,A0009,L12,2026-06-01 17:24:58,34
P02215,A0006,L07,2026-06-01 16:06:25,13
P02216,A0026,L02,2026-06-01 17:55:10,25
P02217,A0040,L07,2026-06-01 17:26:57,38
P02218,A0032,L06,2026-06-01 10:42:56,43
P02219,A0057,L11,2026-06-01 09:14:54,25
P02220,A0009,L08,2026-06-01 09:10:59,11
P02221,A0043,L05,2026-06-01 08:48:29,41
P02222,A0022,L11,2026-06-01 15:37:41,26
P02223,A0025,L07,2026-06-01 06:39:14,8
P02224,A0027,L10,2026-06-01 16:38:36,26
P02225,A0003,L06,2026-06-01 17:36:40,30
P02226,A0059,L02,2026-06-01 05:47:38,41
P02227,A0016,L09,2026-06-01 17:54:58,10
P02228,A0047,L06,2026-06-01 12:11:30,45
P02229,A0025,L06,2026-06-01 06:57:01,13
P02230,A0054,L08,2026-06-01 19:15:50,11
P02231,A0048,L09,2026-06-01 18:55:58,10
P02232,A0015,L08,2026-06-01 10:00:47,2
P02233,A0059,L11,2026-06-01 19:55:24,4
P02234,A0025,L05,2026-06-01 21:07:45,38
P02235,A0055,L09,2026-06-01 20:30:52,3
P02236,A0034,L07,2026-06-01 05:23:25,45
P02237,A0050,L11,2026-06-01 19:50:07,6
P02238,A0018,L05,2026-06-01 10:46:10,23
P02239,A0022,L11,2026-06-01 07:50:30,13
P02240,A0031,L02,2026-06-01 06:29:57,45
P02241,A0040,L04,2026-06-01 14:18:44,28
P02242,A0009,L08,2026-06-01 18:38:02,8
P02243,A0018,L09,2026-06-01 07:56:23,36
P02244,A0040,L12,2026-06-01 07:36:40,19
P02245,A0037,L12,2026-06-01 18:09:47,44
P02246,A0006,L03,2026-06-01 19:16:40,14
P02247,A0004,L04,2026-06-01 17:37:00,16
P02248,A0040,L12,2026-06-01 19:30:39,10
P02249,A0038,L11,2026-06-01 08:33:23,24
P02250,A0040,L11,2026-06-01 09:11:30,24
P02251,A0002,L11,2026-06-01 14:14:19,13
P02252,A0027,L03,2026-06-01 06:41:12,22
P02253,A0009,L08,2026-06-01 16:53:47,33
P02254,A0028,L12,2026-06-01 06:25:40,6
P02255,A0009,L09,2026-06-01 06:51:03,28
P02256,A0053,L09,2026-06-01 08:51:47,11
P02257,A0060,L11,2026-06-01 12:44:45,29
P02258,A0022,L01,2026-06-01 13:35:17,5
P02259,A0024,L12,2026-06-01 10:57:57,8
P02260,A0051,L05,2026-06-01 07:15:37,37
P02261,A0038,L08,2026-06-01 06:20:50,40
P02262,A0010,L04,2026-06-01 19:05:30,12
P02263,A0013,L09,2026-06-01 19:19:36,0
P02264,A0055,L07,2026-06-01 10:46:56,28
P02265,A0055,L04,2026-06-01 19:00:16,26
P02266,A0016,L05,2026-06-01 17:21:32,30
P02267,A0050,L05,2026-06-01 13:16:55,34
P02268,A0015,L06,2026-06-01 08:40:28,7
P02269,A0023,L08,2026-06-01 09:31:10,11
P02270,A0009,L07,2026-06-01 16:59:55,28
P02271,A0037,L11,2026-06-01 17:12:49,6
P02272,A0028,L04,2026-06-01 08:20:49,33
P02273,A0037,L02,2026-06-01 17:36:43,9
P02274,A0006,L03,2026-06-01 09:50:10,10
P02275,A0027,L11,2026-06-01 09:41:38,26
P02276,A0009,L05,2026-06-01 08:30:59,19
P02277,A0041,L03,2026-06-01 08:53:47,20
P02278,A0046,L05,2026-06-01 19:48:26,0
P02279,A0043,L01,2026-06-01 14:41:51,8
P02280,A0047,L05,2026-06-01 07:13:42,45
P02281,A0030,L05,2026-06-01 05:20:27,24
P02282,A0006,L09,2026-06-01 17:51:13,39
P02283,A0049,L08,2026-06-01 10:04:15,10
P02284,A0006,L12,2026-06-01 19:02:49,42
P02285,A0016,L12,2026-06-01 20:15:17,38
P02286,A0036,L07,2026-06-01 06:40:21,17
P02287,A0047,L06,2026-06-01 18:07:30,8
P02288,A0010,L06,2026-06-01 15:52:09,9
P02289,A0036,L05,2026-06-01 16:28:15,20
P02290,A0054,L09,2026-06-01 13:35:33,18
P02291,A0060,L01,2026-06-01 06:55:50,44
P02292,A0006,L12,2026-06-01 08:57:49,28
P02293,A0026,L03,2026-06-01 07:29:23,21
P02294,A0025,L11,2026-06-01 13:16:38,1
P02295,A0017,L02,2026-06-01 19:25:51,31
P02296,A0007,L09,2026-06-01 08:01:36,27
P02297,A0005,L09,2026-06-01 14:50:34,31
P02298,A0033,L10,2026-06-01 06:47:04,36
P02299,A0012,L09,2026-06-01 21:10:51,32
P02300,A0012,L10,2026-06-01 12:48:04,43
P02301,A0036,L05,2026-06-01 17:41:21,4
P02302,A0023,L11,2026-06-01 19:33:49,44
P02303,A0036,L01,2026-06-01 18:00:39,24
P02304,A0003,L01,2026-06-01 09:09:16,14
P02305,A0055,L11,2026-06-01 21:29:41,42
P02306,A0025,L10,2026-06-01 11:12:49,9
P02307,A0009,L05,2026-06-01 06:34:38,2
P02308,A0006,L09,2026-06-01 06:20:55,20
P02309,A0028,L11,2026-06-01 08:10:27,17
P02310,A0028,L04,2026-06-01 05:08:56,28
P02311,A0016,L07,2026-06-01 07:24:03,28
P02312,A0045,L07,2026-06-01 09:37:52,7
P02313,A0012,L03,2026-06-01 16:10:48,13
P02314,A0016,L08,2026-06-01 14:47:20,26
P02315,A0024,L04,2026-06-01 21:23:30,16
P02316,A0050,L02,2026-06-01 05:00:24,26
P02317,A0043,L02,2026-06-01 18:53:04,27
P02318,A0006,L05,2026-06-01 06:41:41,24
P02319,A0037,L01,2026-06-01 13:46:41,20
P02320,A0006,L03,2026-06-01 11:36:00,8
P02321,A0051,L03,2026-06-01 09:48:02,3
P02322,A0016,L04,2026-06-01 13:23:39,26
P02323,A0020,L07,2026-06-01 07:47:51,42
P02324,A0023,L06,2026-06-01 10:50:10,1
P02325,A0009,L04,2026-06-01 08:58:53,16
P02326,A0026,L06,2026-06-01 06:21:01,30
P02327,A0005,L12,2026-06-01 15:02:34,24
P02328,A0016,L12,2026-06-01 17:06:00,22
P02329,A0027,L02,2026-06-01 16:07:30,29
P02330,A0025,L09,2026-06-01 16:19:30,30
P02331,A0030,L03,2026-06-01 08:39:42,45
P02332,A0013,L08,2026-06-01 17:08:14,32
P02333,A0006,L03,2026-06-01 06:47:06,45
P02334,A0043,L05,2026-06-01 10:15:14,16
P02335,A0023,L12,2026-06-01 18:45:29,42
P02336,A0036,L09,2026-06-01 18:48:57,8
P02337,A0006,L07,2026-06-01 17:37:47,2
P02338,A0016,L11,2026-06-01 07:11:00,9
P02339,A0057,L01,2026-06-01 12:10:25,20
P02340,A0002,L10,2026-06-01 18:12:40,36
P02341,A0043,L08,2026-06-01 20:39:16,34
P02342,A0045,L02,2026-06-01 21:59:21,21
P02343,A0023,L05,2026-06-01 09:49:35,29
P02344,A0036,L02,2026-06-01 18:48:33,16
P02345,A0009,L06,2026-06-01 16:34:08,6
P02346,A0028,L08,2026-06-01 10:35:45,18
P02347,A0006,L06,2026-06-01 09:35:05,32
P02348,A0023,L07,2026-06-01 21:12:09,43
P02349,A0027,L01,2026-06-01 08:33:38,9
P02350,A0053,L09,2026-06-01 18:34:14,44
P02351,A0052,L03,2026-06-01 16:43:10,40
P02352,A0057,L10,2026-06-01 07:34:39,27
P02353,A0025,L05,2026-06-01 09:18:24,33
P02354,A0025,L08,2026-06-01 17:46:19,0
P02355,A0010,L05,2026-06-01 13:13:59,39
P02356,A0016,L02,2026-06-01 09:08:09,30
P02357,A0020,L04,2026-06-01 17:41:26,25
P02358,A0036,L04,2026-06-01 08:04:14,17
P02359,A0017,L07,2026-06-01 07:13:28,9
P02360,A0058,L05,2026-06-01 05:40:07,33
P02361,A0035,L09,2026-06-01 09:14:42,28
P02362,A0004,L02,2026-06-01 19:09:04,21
P02363,A0009,L01,2026-06-01 18:07:40,29
P02364,A0044,L10,2026-06-01 09:48:18,14
P02365,A0051,L02,2026-06-01 08:15:55,42
P02366,A0009,L12,2026-06-01 15:03:40,6
P02367,A0032,L12,2026-06-01 13:40:32,21
P02368,A0025,L11,2026-06-01 14:05:00,6
P02369,A0006,L08,2026-06-01 09:14:37,27
P02370,A0009,L05,2026-06-01 09:35:38,36
P02371,A0042,L10,2026-06-01 19:02:38,6
P02372,A0036,L11,2026-06-01 10:07:48,15
P02373,A0040,L10,2026-06-01 19:52:25,45
P02374,A0006,L06,2026-06-01 19:54:29,36
P02375,A0051,L01,2026-06-01 15:42:58,1
P02376,A0026,L10,2026-06-01 08:06:18,26
P02377,A0004,L12,2026-06-01 18:22:52,43
P02378,A0038,L06,2026-06-01 12:17:28,3
P02379,A0006,L08,2026-06-01 18:49:50,10
P02380,A0009,L09,2026-06-01 21:41:20,25
P02381,A0038,L03,2026-06-01 10:21:22,39
P02382,A0047,L12,2026-06-01 12:20:53,19
P02383,A0013,L12,2026-06-01 09:20:39,31
P02384,A0057,L03,2026-06-01 12:16:54,45
P02385,A0040,L06,2026-06-01 09:57:23,10
P02386,A0021,L06,2026-06-01 07:37:19,32
P02387,A0014,L11,2026-06-01 17:25:39,44
P02388,A0010,L04,2026-06-01 09:54:16,9
P02389,A0006,L06,2026-06-01 19:08:58,24
P02390,A0014,L12,2026-06-01 13:39:36,5
P02391,A0006,L04,2026-06-01 16:15:35,9
P02392,A0009,L05,2026-06-01 07:53:44,14
P02393,A0015,L04,2026-06-01 17:09:00,18
P02394,A0015,L01,2026-06-01 20:53:28,26
P02395,A0009,L09,2026-06-01 12:26:11,33
P02396,A0055,L07,2026-06-01 19:47:16,45
P02397,A0040,L05,2026-06-01 18:57:59,15
P02398,A0036,L09,2026-06-01 17:20:55,44
P02399,A0015,L09,2026-06-01 16:58:50,32
P02400,A0028,L08,2026-06-01 16:51:52,38
P02401,A0028,L12,2026-06-01 07:29:17,36
P02402,A0007,L08,2026-06-01 19:37:27,4
P02403,A0021,L01,2026-06-01 16:57:22,30
P02404,A0028,L03,2026-06-01 08:04:46,17
P02405,A0053,L05,2026-06-01 05:45:38,31
P02406,A0036,L12,2026-06-01 11:25:13,42
P02407,A0046,L05,2026-06-01 18:21:14,36
P02408,A0050,L07,2026-06-01 08:55:00,39
P02409,A0007,L12,2026-06-01 10:49:04,39
P02410,A0009,L09,2026-06-01 17:46:12,15
P02411,A0016,L03,2026-06-01 05:41:59,31
P02412,A0016,L06,2026-06-01 09:36:44,43
P02413,A0016,L07,2026-06-01 19:08:54,21
P02414,A0023,L02,2026-06-01 07:45:27,16
P02415,A0009,L02,2026-06-01 09:12:14,22
P02416,A0055,L11,2026-06-01 09:48:06,33
P02417,A0030,L01,2026-06-01 05:35:03,43
P02418,A0041,L02,2026-06-01 06:00:20,24
P02419,A0035,L01,2026-06-01 14:54:04,11
P02420,A0024,L11,2026-06-01 17:34:13,22
P02421,A0013,L11,2026-06-01 14:36:11,28
P02422,A0028,L03,2026-06-01 19:01:39,2
P02423,A0047,L02,2026-06-01 13:59:18,6
P02424,A0038,L11,2026-06-01 07:57:06,31
P02425,A0024,L10,2026-06-01 08:29:59,42
P02426,A0040,L07,2026-06-01 10:42:35,4
P02427,A0037,L04,2026-06-01 17:52:31,12
P02428,A0043,L01,2026-06-01 19:51:53,42
P02429,A0028,L10,2026-06-01 06:42:41,20
P02430,A0052,L10,2026-06-01 19:48:34,41
P02431,A0025,L05,2026-06-01 09:48:12,18
P02432,A0056,L07,2026-06-01 19:05:31,1
P02433,A0040,L02,2026-06-01 09:39:24,19
P02434,A0009,L05,2026-06-01 05:33:53,2
P02435,A0024,L02,2026-06-01 07:41:20,3
P02436,A0047,L01,2026-06-01 08:24:12,22
P02437,A0047,L01,2026-06-01 15:47:32,33
P02438,A0022,L09,2026-06-01 16:58:13,6
P02439,A0047,L03,2026-06-01 14:04:45,13
P02440,A0009,L04,2026-06-01 16:02:59,24
P02441,A0009,L12,2026-06-01 08:00:57,15
P02442,A0036,L06,2026-06-01 15:52:14,23
P02443,A0043,L01,2026-06-01 07:39:42,16
P02444,A0044,L11,2026-06-01 18:13:56,41
P02445,A0009,L07,2026-06-01 19:52:26,24
P02446,A0032,L04,2026-06-01 20:16:38,0
P02447,A0056,L12,2026-06-01 19:08:42,44
P02448,A0027,L02,2026-06-01 16:10:57,31
P02449,A0009,L03,2026-06-01 17:47:16,43
P02450,A0006,L12,2026-06-01 18:18:54,36
P02451,A0031,L02,2026-06-01 15:52:56,12
P02452,A0012,L09,2026-06-01 12:08:33,2
P02453,A0037,L08,2026-06-01 07:02:53,24
P02454,A0023,L02,2026-06-01 10:15:27,39
P02455,A0041,L08,2026-06-01 20:38:49,2
P02456,A0036,L09,2026-06-01 12:49:13,20
P02457,A0006,L10,2026-06-01 07:21:55,16
P02458,A0022,L06,2026-06-01 16:25:24,9
P02459,A0034,L09,2026-06-01 07:40:12,21
P02460,A0036,L12,2026-06-01 19:04:53,15
P02461,A0029,L09,2026-06-01 07:09:35,20
P02462,A0008,L02,2026-06-01 19:33:34,1
P02463,A0026,L12,2026-06-01 08:23:02,9
P02464,A0014,L11,2026-06-01 09:00:36,3
P02465,A0016,L10,2026-06-01 07:48:40,2
P02466,A0053,L09,2026-06-01 09:59:36,41
P02467,A0016,L05,2026-06-01 19:28:58,15
P02468,A0059,L08,2026-06-01 18:40:29,30
P02469,A0019,L08,2026-06-01 18:14:09,18
P02470,A0057,L12,2026-06-01 09:16:56,10
P02471,A0041,L12,2026-06-01 08:09:02,29
P02472,A0022,L12,2026-06-01 12:25:08,40
P02473,A0039,L04,2026-06-01 15:56:26,29
P02474,A0046,L08,2026-06-01 20:23:21,20
P02475,A0009,L07,2026-06-01 07:15:13,45
P02476,A0024,L10,2026-06-01 08:57:29,35
P02477,A0022,L06,2026-06-01 17:25:09,30
P02478,A0014,L09,2026-06-01 18:57:53,39
P02479,A0022,L01,2026-06-01 08:35:56,10
P02480,A0036,L07,2026-06-01 15:11:28,1
P02481,A0060,L04,2026-06-01 17:17:47,43
P02482,A0053,L03,2026-06-01 17:09:26,20
P02483,A0048,L04,2026-06-01 11:48:59,31
P02484,A0036,L10,2026-06-01 21:47:40,2
P02485,A0058,L02,2026-06-01 10:01:00,3
P02486,A0009,L02,2026-06-01 08:12:47,9
P02487,A0026,L05,2026-06-01 14:39:58,20
P02488,A0055,L08,2026-06-01 17:18:19,6
P02489,A0009,L03,2026-06-01 11:10:26,7
P02490,A0047,L10,2026-06-01 19:44:17,44
P02491,A0015,L02,2026-06-01 17:58:28,6
P02492,A0006,L03,2026-06-01 20:24:30,10
P02493,A0003,L10,2026-06-01 18:59:28,37
P02494,A0054,L03,2026-06-01 16:31:42,36
P02495,A0038,L06,2026-06-01 14:04:11,8
P02496,A0026,L05,2026-06-01 17:07:59,42
P02497,A0025,L11,2026-06-01 06:22:38,31
P02498,A0003,L10,2026-06-01 15:10:23,16
P02499,A0024,L09,2026-06-01 06:31:20,10
P02500,A0007,L11,2026-06-01 08:16:28,27
P02501,A0037,L01,2026-06-01 09:42:05,21
P02502,A0040,L01,2026-06-01 06:47:36,1
P02503,A0004,L07,2026-06-01 09:24:24,2
P02504,A0060,L11,2026-06-01 09:21:23,32
P02505,A0044,L07,2026-06-01 11:22:46,16
P02506,A0040,L04,2026-06-01 18:05:58,28
P02507,A0009,L02,2026-06-01 14:55:32,7
P02508,A0003,L03,2026-06-01 10:15:04,11
P02509,A0041,L02,2026-06-01 07:49:05,4
P02510,A0002,L12,2026-06-01 08:55:58,39
P02511,A0010,L03,2026-06-01 19:40:55,21
P02512,A0009,L02,2026-06-01 16:45:08,12
P02513,A0011,L03,2026-06-01 06:00:27,43
P02514,A0028,L04,2026-06-01 06:24:20,40
P02515,A0052,L04,2026-06-01 17:45:31,38
P02516,A0028,L03,2026-06-01 16:28:11,32
P02517,A0001,L02,2026-06-01 07:16:09,34
P02518,A0054,L04,2026-06-01 16:12:11,20
P02519,A0028,L03,2026-06-01 18:38:26,32
P02520,A0057,L05,2026-06-01 08:52:22,15
P02521,A0052,L01,2026-06-01 18:18:48,10
P02522,A0009,L01,2026-06-01 08:57:46,3
P02523,A0026,L07,2026-06-01 09:00:47,43
P02524,A0012,L06,2026-06-01 18:44:43,38
P02525,A0058,L02,2026-06-01 18:28:22,30
P02526,A0041,L08,2026-06-01 09:20:34,12
P02527,A0028,L10,2026-06-01 08:26:29,29
P02528,A0006,L07,2026-06-01 19:28:09,9
P02529,A0016,L07,2026-06-01 11:50:20,24
P02530,A0056,L03,2026-06-01 16:27:50,42
P02531,A0022,L03,2026-06-01 17:13:06,1
P02532,A0020,L08,2026-06-01 08:12:01,31
P02533,A0020,L03,2026-06-01 08:14:12,31
P02534,A0029,L12,2026-06-01 19:54:10,31
P02535,A0009,L01,2026-06-01 16:04:20,45
P02536,A0038,L10,2026-06-01 07:33:31,13
P02537,A0025,L08,2026-06-01 08:40:10,21
P02538,A0056,L05,2026-06-01 19:39:07,38
P02539,A0006,L09,2026-06-01 08:51:44,8
P02540,A0041,L10,2026-06-01 10:01:28,23
P02541,A0025,L04,2026-06-01 08:44:14,20
P02542,A0057,L08,2026-06-01 21:21:36,21
P02543,A0014,L04,2026-06-01 14:50:40,36
P02544,A0028,L12,2026-06-01 17:52:52,15
P02545,A0040,L10,2026-06-01 16:20:32,6
P02546,A0016,L03,2026-06-01 16:33:31,29
P02547,A0029,L12,2026-06-01 09:24:49,12
P02548,A0032,L12,2026-06-01 06:30:15,14
P02549,A0057,L01,2026-06-01 09:35:09,17
P02550,A0036,L08,2026-06-01 21:12:52,41
P02551,A0024,L10,2026-06-01 18:46:03,12
P02552,A0052,L09,2026-06-01 09:27:44,0
P02553,A0004,L05,2026-06-01 08:01:01,41
P02554,A0055,L07,2026-06-01 09:49:58,9
P02555,A0046,L11,2026-06-01 17:38:28,20
P02556,A0014,L05,2026-06-01 17:45:38,29
P02557,A0033,L03,2026-06-01 18:01:07,3
P02558,A0006,L09,2026-06-01 17:20:53,24
P02559,A0040,L01,2026-06-01 18:25:11,20
P02560,A0027,L01,2026-06-01 18:36:48,36
P02561,A0006,L09,2026-06-01 07:31:04,4
P02562,A0017,L03,2026-06-01 07:45:15,5
P02563,A0040,L06,2026-06-01 09:21:48,4
P02564,A0009,L07,2026-06-01 19:41:50,25
P02565,A0060,L03,2026-06-01 16:52:13,28
P02566,A0020,L02,2026-06-01 13:14:15,3
P02567,A0055,L11,2026-06-01 16:41:53,44
P02568,A0027,L08,2026-06-01 07:48:14,9
P02569,A0017,L09,2026-06-01 09:48:40,42
P02570,A0020,L01,2026-06-01 18:31:01,42
P02571,A0006,L12,2026-06-01 16:02:12,37
P02572,A0005,L04,2026-06-01 09:00:22,44
P02573,A0011,L10,2026-06-01 21:57:53,10
P02574,A0020,L04,2026-06-01 06:58:40,39
P02575,A0033,L05,2026-06-01 19:10:53,12
P02576,A0029,L05,2026-06-01 08:57:16,25
P02577,A0016,L11,2026-06-01 06:28:38,41
P02578,A0009,L09,2026-06-01 12:11:07,2
P02579,A0016,L02,2026-06-01 12:12:48,36
P02580,A0004,L12,2026-06-01 18:23:29,3
P02581,A0055,L11,2026-06-01 08:13:32,1
P02582,A0035,L01,2026-06-01 07:55:21,13
P02583,A0009,L12,2026-06-01 18:29:25,38
P02584,A0021,L08,2026-06-01 18:50:42,15
P02585,A0010,L10,2026-06-01 06:54:01,39
P02586,A0007,L01,2026-06-01 05:19:28,24
P02587,A0053,L03,2026-06-01 08:13:41,12
P02588,A0044,L12,2026-06-01 10:17:26,41
P02589,A0003,L05,2026-06-01 10:19:09,16
P02590,A0047,L04,2026-06-01 06:56:59,30
P02591,A0022,L01,2026-06-01 07:29:55,37
P02592,A0060,L09,2026-06-01 06:44:36,30
P02593,A0009,L12,2026-06-01 17:04:25,43
P02594,A0042,L01,2026-06-01 09:53:29,26
P02595,A0022,L01,2026-06-01 16:42:04,17
P02596,A0028,L05,2026-06-01 12:51:17,1
P02597,A0009,L05,2026-06-01 12:15:44,28
P02598,A0001,L11,2026-06-01 09:35:44,31
P02599,A0028,L12,2026-06-01 05:18:23,5
P02600,A0016,L06,2026-06-01 19:34:10,23
P02601,A0036,L06,2026-06-01 21:09:20,40
P02602,A0038,L07,2026-06-01 09:23:29,22
P02603,A0034,L03,2026-06-01 20:43:34,26
P02604,A0040,L07,2026-06-01 08:56:08,21
P02605,A0039,L11,2026-06-01 17:56:02,21
P02606,A0049,L11,2026-06-01 08:34:40,10
P02607,A0054,L03,2026-06-01 12:52:44,25
P02608,A0011,L07,2026-06-01 21:34:02,33
P02609,A0014,L10,2026-06-01 07:47:14,43
P02610,A0028,L06,2026-06-01 18:46:53,23
P02611,A0040,L07,2026-06-01 19:14:36,22
P02612,A0022,L12,2026-06-01 10:14:40,41
P02613,A0047,L03,2026-06-01 12:45:00,32
P02614,A0014,L08,2026-06-01 06:44:19,15
P02615,A0043,L05,2026-06-01 21:40:06,12
P02616,A0004,L01,2026-06-01 06:13:11,43
P02617,A0010,L02,2026-06-01 06:27:22,42
P02618,A0043,L01,2026-06-01 18:21:24,23
P02619,A0009,L05,2026-06-01 19:40:39,37
P02620,A0006,L11,2026-06-01 16:31:20,22
P02621,A0004,L05,2026-06-01 15:48:34,6
P02622,A0044,L12,2026-06-01 18:43:31,1
P02623,A0042,L01,2026-06-01 10:30:16,34
P02624,A0012,L02,2026-06-01 06:29:24,21
P02625,A0029,L10,2026-06-01 05:20:19,35
P02626,A0028,L08,2026-06-01 09:06:00,43
P02627,A0006,L10,2026-06-01 05:59:32,28
P02628,A0009,L09,2026-06-01 08:44:36,24
P02629,A0047,L11,2026-06-01 13:37:07,44
P02630,A0051,L08,2026-06-01 09:18:54,10
P02631,A0006,L05,2026-06-01 19:07:43,9
P02632,A0010,L04,2026-06-01 17:00:24,41
P02633,A0022,L07,2026-06-01 07:14:21,43
P02634,A0055,L08,2026-06-01 09:51:44,7
P02635,A0013,L03,2026-06-01 06:28:31,23
P02636,A0014,L07,2026-06-01 08:40:34,6
P02637,A0025,L08,2026-06-01 09:35:44,27
P02638,A0009,L02,2026-06-01 08:30:25,32
P02639,A0015,L03,2026-06-01 07:05:36,11
P02640,A0009,L04,2026-06-01 18:35:16,30
P02641,A0009,L11,2026-06-01 09:07:35,2
P02642,A0028,L04,2026-06-01 07:47:44,25
P02643,A0002,L06,2026-06-01 06:07:33,42
P02644,A0009,L10,2026-06-01 18:56:51,8
P02645,A0036,L04,2026-06-01 12:12:42,30
P02646,A0038,L08,2026-06-01 07:24:35,40
P02647,A0056,L09,2026-06-01 10:09:42,8
P02648,A0050,L03,2026-06-01 10:30:32,4
P02649,A0053,L03,2026-06-01 09:53:40,23
P02650,A0027,L05,2026-06-01 19:02:55,20
P02651,A0020,L01,2026-06-01 08:25:28,38
P02652,A0027,L12,2026-06-01 20:39:50,32
P02653,A0022,L11,2026-06-01 11:15:38,33
P02654,A0033,L08,2026-06-01 15:38:01,26
P02655,A0009,L09,2026-06-01 07:49:41,2
P02656,A0041,L05,2026-06-01 19:41:51,21
P02657,A0004,L09,2026-06-01 18:54:30,32
P02658,A0040,L07,2026-06-01 21:59:43,38
P02659,A0016,L11,2026-06-01 11:30:21,5
P02660,A0060,L08,2026-06-01 21:33:39,40
P02661,A0009,L05,2026-06-01 18:55:18,38
P02662,A0050,L04,2026-06-01 08:58:15,36
P02663,A0024,L06,2026-06-01 12:52:21,33
P02664,A0058,L07,2026-06-01 09:42:42,12
P02665,A0027,L03,2026-06-01 13:12:43,43
P02666,A0040,L12,2026-06-01 18:13:51,29
P02667,A0055,L09,2026-06-01 08:40:15,13
P02668,A0016,L11,2026-06-01 11:56:41,31
P02669,A0041,L04,2026-06-01 18:59:36,29
P02670,A0047,L06,2026-06-01 06:16:07,24
P02671,A0040,L07,2026-06-01 07:51:59,16
P02672,A0009,L08,2026-06-01 21:37:52,17
P02673,A0050,L10,2026-06-01 18:03:27,40
P02674,A0040,L10,2026-06-01 09:24:20,7
P02675,A0017,L03,2026-06-01 06:02:54,4
P02676,A0032,L02,2026-06-01 18:08:50,6
P02677,A0059,L07,2026-06-01 06:00:07,21
P02678,A0026,L12,2026-06-01 09:15:14,14
P02679,A0026,L10,2026-06-01 18:59:35,22
P02680,A0029,L03,2026-06-01 08:48:14,10
P02681,A0016,L04,2026-06-01 16:10:05,36
P02682,A0027,L05,2026-06-01 10:06:15,26
P02683,A0027,L04,2026-06-01 17:57:11,14
P02684,A0032,L02,2026-06-01 08:27:37,38
P02685,A0016,L08,2026-06-01 06:54:05,26
P02686,A0006,L08,2026-06-01 19:54:39,24
P02687,A0003,L09,2026-06-01 12:56:43,31
P02688,A0036,L09,2026-06-01 06:31:32,39
P02689,A0016,L08,2026-06-01 18:09:45,4
P02690,A0016,L12,2026-06-01 17:50:25,13
P02691,A0026,L06,2026-06-01 18:15:45,18
P02692,A0028,L07,2026-06-01 19:01:43,36
P02693,A0015,L11,2026-06-01 19:45:51,1
P02694,A0016,L10,2026-06-01 09:01:31,27
P02695,A0009,L08,2026-06-01 10:27:16,22
P02696,A0028,L05,2026-06-01 18:30:10,10
P02697,A0027,L10,2026-06-01 17:54:02,24
P02698,A0040,L01,2026-06-01 10:45:58,10
P02699,A0012,L10,2026-06-01 16:16:05,33
P02700,A0030,L08,2026-06-01 07:54:27,17
P02701,A0023,L04,2026-06-01 17:33:04,14
P02702,A0012,L10,2026-06-01 07:18:35,30
P02703,A0044,L03,2026-06-01 07:38:45,4
P02704,A0009,L02,2026-06-01 07:34:07,29
P02705,A0040,L06,2026-06-01 11:34:59,11
P02706,A0015,L01,2026-06-01 07:49:17,32
P02707,A0003,L09,2026-06-01 16:25:08,10
P02708,A0007,L08,2026-06-01 07:15:55,38
P02709,A0041,L10,2026-06-01 20:15:29,11
P02710,A0028,L02,2026-06-01 11:40:38,2
P02711,A0009,L07,2026-06-01 08:29:33,31
P02712,A0058,L07,2026-06-01 19:56:33,29
P02713,A0055,L09,2026-06-01 19:48:16,33
P02714,A0022,L03,2026-06-01 19:08:51,2
P02715,A0009,L02,2026-06-01 18:53:19,7
P02716,A0029,L07,2026-06-01 18:23:01,20
P02717,A0040,L04,2026-06-01 12:27:49,40
P02718,A0018,L08,2026-06-01 11:41:50,19
P02719,A0020,L04,2026-06-01 07:57:28,16
P02720,A0040,L07,2026-06-01 19:23:56,13
P02721,A0048,L03,2026-06-01 16:15:09,40
P02722,A0013,L05,2026-06-01 18:29:58,24
P02723,A0006,L07,2026-06-01 08:22:52,32
P02724,A0040,L08,2026-06-01 09:04:22,21
P02725,A0024,L05,2026-06-01 11:00:06,9
P02726,A0006,L09,2026-06-01 06:32:13,40
P02727,A0051,L06,2026-06-01 09:21:51,39
P02728,A0047,L06,2026-06-01 18:23:03,33
P02729,A0055,L02,2026-06-01 20:27:48,32
P02730,A0005,L11,2026-06-01 21:04:09,24
P02731,A0009,L11,2026-06-01 13:09:09,12
P02732,A0012,L10,2026-06-01 19:14:02,2
P02733,A0004,L01,2026-06-01 12:26:36,12
P02734,A0025,L03,2026-06-01 18:58:13,0
P02735,A0009,L03,2026-06-01 13:46:30,4
P02736,A0027,L08,2026-06-01 11:59:43,31
P02737,A0015,L02,2026-06-01 18:39:46,23
P02738,A0037,L05,2026-06-01 18:40:42,20
P02739,A0052,L03,2026-06-01 18:51:38,15
P02740,A0027,L01,2026-06-01 18:21:32,19
P02741,A0009,L12,2026-06-01 05:37:19,16
P02742,A0014,L03,2026-06-01 17:56:15,29
P02743,A0019,L02,2026-06-01 18:26:47,25
P02744,A0025,L10,2026-06-01 06:15:10,39
P02745,A0038,L11,2026-06-01 08:59:56,3
P02746,A0036,L07,2026-06-01 11:26:30,1
P02747,A0009,L06,2026-06-01 07:31:56,31
P02748,A0020,L10,2026-06-01 09:54:15,18
P02749,A0015,L10,2026-06-01 14:10:38,20
P02750,A0036,L07,2026-06-01 10:05:05,0
P02751,A0019,L09,2026-06-01 16:59:50,44
P02752,A0055,L03,2026-06-01 05:30:11,2
P02753,A0017,L05,2026-06-01 14:43:43,44
P02754,A0039,L11,2026-06-01 16:10:57,19
P02755,A0009,L02,2026-06-01 06:02:39,0
P02756,A0024,L03,2026-06-01 20:06:17,37
P02757,A0034,L10,2026-06-01 10:53:39,18
P02758,A0017,L02,2026-06-01 18:10:41,44
P02759,A0050,L02,2026-06-01 17:44:18,2
P02760,A0020,L06,2026-06-01 19:51:28,22
P02761,A0050,L05,2026-06-01 09:26:51,15
P02762,A0035,L11,2026-06-01 07:29:09,45
P02763,A0019,L01,2026-06-01 06:09:06,28
P02764,A0006,L03,2026-06-01 13:49:21,44
P02765,A0036,L10,2026-06-01 09:27:26,7
P02766,A0055,L11,2026-06-01 21:46:37,19
P02767,A0028,L04,2026-06-01 05:23:10,25
P02768,A0024,L06,2026-06-01 06:53:54,16
P02769,A0016,L03,2026-06-01 20:42:25,45
P02770,A0006,L08,2026-06-01 08:47:45,27
P02771,A0036,L06,2026-06-01 11:00:55,10
P02772,A0030,L07,2026-06-01 08:09:02,8
P02773,A0029,L09,2026-06-01 18:58:12,11
P02774,A0025,L01,2026-06-01 14:45:21,39
P02775,A0041,L06,2026-06-01 09:49:52,32
P02776,A0025,L04,2026-06-01 08:33:25,33
P02777,A0036,L10,2026-06-01 12:27:49,2
P02778,A0047,L12,2026-06-01 18:34:48,29
P02779,A0006,L05,2026-06-01 09:37:40,4
P02780,A0037,L07,2026-06-01 12:59:20,37
P02781,A0027,L08,2026-06-01 06:52:14,42
P02782,A0055,L05,2026-06-01 16:33:14,2
P02783,A0027,L08,2026-06-01 06:27:03,4
P02784,A0032,L09,2026-06-01 21:26:01,32
P02785,A0057,L05,2026-06-01 05:31:37,13
P02786,A0047,L11,2026-06-01 16:54:15,24
P02787,A0009,L12,2026-06-01 07:00:43,27
P02788,A0011,L06,2026-06-01 19:01:06,8
P02789,A0031,L03,2026-06-01 18:26:10,27
P02790,A0009,L12,2026-06-01 06:48:59,18
P02791,A0035,L09,2026-06-01 16:04:09,7
P02792,A0001,L04,2026-06-01 08:11:07,28
P02793,A0037,L02,2026-06-01 19:32:07,30
P02794,A0009,L10,2026-06-01 06:22:50,5
P02795,A0039,L03,2026-06-01 17:34:16,1
P02796,A0026,L02,2026-06-01 11:09:21,10
P02797,A0051,L12,2026-06-01 19:59:48,40
P02798,A0038,L01,2026-06-01 09:50:48,27
P02799,A0014,L09,2026-06-01 15:13:10,12
P02800,A0026,L11,2026-06-01 16:47:14,42
P02801,A0009,L09,2026-06-01 15:20:41,23
P02802,A0025,L01,2026-06-01 07:00:36,22
P02803,A0003,L11,2026-06-01 14:26:47,0
P02804,A0036,L08,2026-06-01 06:38:33,35
P02805,A0015,L10,2026-06-01 09:35:35,21
P02806,A0016,L10,2026-06-01 14:15:19,34
P02807,A0044,L05,2026-06-01 06:03:19,42
P02808,A0017,L12,2026-06-01 09:09:17,21
P02809,A0022,L02,2026-06-01 14:04:31,19
P02810,A0004,L07,2026-06-01 08:20:11,45
P02811,A0012,L03,2026-06-01 10:23:07,6
P02812,A0031,L06,2026-06-01 06:11:36,13
P02813,A0055,L02,2026-06-01 08:19:53,35
P02814,A0037,L02,2026-06-01 21:59:36,44
P02815,A0037,L05,2026-06-01 13:06:57,25
P02816,A0006,L05,2026-06-01 15:05:42,21
P02817,A0009,L12,2026-06-01 06:06:37,0
P02818,A0014,L08,2026-06-01 08:25:34,6
P02819,A0031,L03,2026-06-01 17:05:21,10
P02820,A0023,L11,2026-06-01 10:40:51,1
P02821,A0037,L04,2026-06-01 11:10:47,43
P02822,A0050,L04,2026-06-01 05:43:33,17
P02823,A0054,L12,2026-06-01 12:31:35,15
P02824,A0008,L07,2026-06-01 09:12:52,33
P02825,A0034,L06,2026-06-01 09:58:37,18
P02826,A0009,L04,2026-06-01 16:45:26,16
P02827,A0055,L10,2026-06-01 16:25:37,12
P02828,A0030,L12,2026-06-01 07:52:41,37
P02829,A0016,L11,2026-06-01 06:14:15,2
P02830,A0010,L11,2026-06-01 17:17:07,36
P02831,A0001,L11,2026-06-01 06:53:44,0
P02832,A0022,L02,2026-06-01 09:09:09,41
P02833,A0016,L06,2026-06-01 09:24:42,33
P02834,A0059,L05,2026-06-01 17:54:40,9
P02835,A0009,L07,2026-06-01 17:31:31,17
P02836,A0036,L01,2026-06-01 09:29:10,3
P02837,A0008,L12,2026-06-01 18:13:26,7
P02838,A0033,L03,2026-06-01 07:27:49,0
P02839,A0037,L09,2026-06-01 09:22:19,41
P02840,A0027,L08,2026-06-01 08:53:30,24
P02841,A0009,L03,2026-06-01 19:57:08,1
P02842,A0029,L11,2026-06-01 17:35:32,41
P02843,A0018,L02,2026-06-01 08:33:16,44
P02844,A0013,L05,2026-06-01 21:51:19,25
P02845,A0003,L02,2026-06-01 16:15:57,18
P02846,A0030,L04,2026-06-01 21:54:39,36
P02847,A0052,L03,2026-06-01 16:09:01,20
P02848,A0060,L09,2026-06-01 18:00:30,12
P02849,A0023,L02,2026-06-01 15:16:44,17
P02850,A0036,L04,2026-06-01 18:06:24,30
P02851,A0026,L04,2026-06-01 14:02:54,21
P02852,A0039,L08,2026-06-01 21:21:31,14
P02853,A0036,L09,2026-06-01 06:06:36,8
P02854,A0028,L07,2026-06-01 12:29:26,34
P02855,A0010,L02,2026-06-01 19:45:08,14
P02856,A0026,L04,2026-06-01 16:16:00,37
P02857,A0022,L02,2026-06-01 20:57:13,5
P02858,A0037,L04,2026-06-01 16:51:16,38
P02859,A0047,L12,2026-06-01 17:02:30,44
P02860,A0032,L09,2026-06-01 06:59:53,31
P02861,A0026,L07,2026-06-01 10:05:32,37
P02862,A0028,L10,2026-06-01 09:44:22,22
P02863,A0046,L09,2026-06-01 16:47:06,40
P02864,A0054,L01,2026-06-01 17:11:52,10
P02865,A0028,L12,2026-06-01 07:12:52,13
P02866,A0025,L03,2026-06-01 06:42:28,14
P02867,A0026,L03,2026-06-01 07:23:40,19
P02868,A0059,L07,2026-06-01 06:53:57,10
P02869,A0037,L07,2026-06-01 08:02:34,11
P02870,A0059,L07,2026-06-01 07:13:04,9
P02871,A0025,L02,2026-06-01 17:17:45,33
P02872,A0006,L09,2026-06-01 21:57:59,37
P02873,A0055,L06,2026-06-01 11:53:38,34
P02874,A0036,L10,2026-06-01 09:27:11,39
P02875,A0045,L05,2026-06-01 07:59:46,1
P02876,A0025,L07,2026-06-01 09:59:05,37
P02877,A0015,L12,2026-06-01 06:14:47,44
P02878,A0047,L02,2026-06-01 19:58:41,37
P02879,A0006,L12,2026-06-01 05:33:11,34
P02880,A0028,L03,2026-06-01 06:32:54,38
P02881,A0037,L02,2026-06-01 06:21:33,34
P02882,A0012,L05,2026-06-01 07:52:11,2
P02883,A0044,L08,2026-06-01 12:08:51,14
P02884,A0014,L11,2026-06-01 07:39:28,4
P02885,A0044,L12,2026-06-01 16:47:48,20
P02886,A0047,L03,2026-06-01 18:01:02,0
P02887,A0004,L11,2026-06-01 16:05:20,10
P02888,A0057,L10,2026-06-01 07:30:51,6
P02889,A0045,L09,2026-06-01 16:50:40,38
P02890,A0004,L12,2026-06-01 08:20:24,43
P02891,A0015,L09,2026-06-01 18:16:10,5
P02892,A0037,L03,2026-06-01 19:18:31,33
P02893,A0010,L03,2026-06-01 08:32:39,2
P02894,A0036,L07,2026-06-01 19:29:01,2
P02895,A0016,L01,2026-06-01 08:56:15,24
P02896,A0038,L11,2026-06-01 08:46:33,17
P02897,A0052,L03,2026-06-01 16:15:26,9
P02898,A0009,L09,2026-06-01 08:23:42,3
P02899,A0040,L05,2026-06-01 15:46:02,35
P02900,A0006,L01,2026-06-01 16:26:13,15
P02901,A0022,L10,2026-06-01 21:29:39,22
P02902,A0003,L10,2026-06-01 21:11:08,4
P02903,A0008,L05,2026-06-01 10:55:25,16
P02904,A0052,L02,2026-06-01 21:47:00,16
P02905,A0056,L12,2026-06-01 07:35:30,31
P02906,A0015,L09,2026-06-01 07:33:41,4
P02907,A0043,L05,2026-06-01 06:09:44,25
P02908,A0026,L11,2026-06-01 07:33:36,41
P02909,A0009,L11,2026-06-01 15:19:10,1
P02910,A0015,L07,2026-06-01 11:23:46,33
P02911,A0036,L04,2026-06-01 08:05:29,2
P02912,A0016,L05,2026-06-01 15:10:22,23
P02913,A0034,L01,2026-06-01 07:46:43,23
P02914,A0037,L09,2026-06-01 18:12:55,1
P02915,A0009,L02,2026-06-01 18:26:50,17
P02916,A0034,L09,2026-06-01 16:49:14,6
P02917,A0041,L04,2026-06-01 17:53:17,21
P02918,A0009,L03,2026-06-01 16:43:44,21
P02919,A0005,L05,2026-06-01 16:54:18,15
P02920,A0009,L04,2026-06-01 08:12:53,33
P02921,A0030,L10,2026-06-01 06:25:46,14
P02922,A0018,L02,2026-06-01 09:33:29,7
P02923,A0037,L01,2026-06-01 17:15:37,5
P02924,A0056,L11,2026-06-01 07:08:25,41
P02925,A0006,L04,2026-06-01 09:54:02,4
P02926,A0011,L10,2026-06-01 20:48:20,24
P02927,A0013,L08,2026-06-01 15:49:35,33
P02928,A0002,L01,2026-06-01 12:52:01,1
P02929,A0036,L02,2026-06-01 09:07:35,8
P02930,A0016,L09,2026-06-01 12:44:24,21
P02931,A0037,L11,2026-06-01 13:46:18,38
P02932,A0016,L12,2026-06-01 05:56:39,43
P02933,A0026,L07,2026-06-01 18:08:56,3
P02934,A0010,L05,2026-06-01 16:55:33,40
P02935,A0054,L05,2026-06-01 08:14:14,25
P02936,A0052,L08,2026-06-01 06:37:08,26
P02937,A0024,L03,2026-06-01 11:13:38,38
P02938,A0049,L03,2026-06-01 09:17:21,21
P02939,A0025,L02,2026-06-01 06:44:47,18
P02940,A0006,L09,2026-06-01 16:53:23,40
P02941,A0003,L06,2026-06-01 09:27:27,2
P02942,A0051,L12,2026-06-01 07:27:49,1
P02943,A0006,L04,2026-06-01 05:33:56,13
P02944,A0040,L07,2026-06-01 16:52:55,1
P02945,A0016,L03,2026-06-01 16:20:47,13
P02946,A0013,L03,2026-06-01 13:57:21,22
P02947,A0007,L07,2026-06-01 17:27:36,6
P02948,A0040,L11,2026-06-01 15:48:35,41
P02949,A0018,L10,2026-06-01 08:18:47,2
P02950,A0015,L04,2026-06-01 06:50:33,28
P02951,A0024,L06,2026-06-01 09:55:42,35
P02952,A0052,L03,2026-06-01 17:14:41,23
P02953,A0027,L12,2026-06-01 06:42:23,28
P02954,A0060,L12,2026-06-01 06:32:23,36
P02955,A0055,L12,2026-06-01 08:18:36,11
P02956,A0003,L12,2026-06-01 13:37:51,10
P02957,A0043,L10,2026-06-01 15:49:39,36
P02958,A0042,L11,2026-06-01 09:05:56,33
P02959,A0034,L03,2026-06-01 18:37:24,40
P02960,A0053,L04,2026-06-01 06:18:01,32
P02961,A0035,L10,2026-06-01 17:11:56,12
P02962,A0014,L03,2026-06-01 12:18:49,9
P02963,A0036,L07,2026-06-01 16:26:39,44
P02964,A0003,L09,2026-06-01 19:40:07,29
P02965,A0025,L01,2026-06-01 17:47:13,19
P02966,A0009,L12,2026-06-01 07:20:42,42
P02967,A0029,L06,2026-06-01 17:42:57,35
P02968,A0003,L05,2026-06-01 14:26:56,42
P02969,A0016,L03,2026-06-01 15:21:01,35
P02970,A0018,L07,2026-06-01 18:34:43,9
P02971,A0036,L11,2026-06-01 09:36:24,22
P02972,A0022,L11,2026-06-01 07:00:35,30
P02973,A0044,L02,2026-06-01 17:49:12,33
P02974,A0036,L10,2026-06-01 06:16:53,12
P02975,A0009,L07,2026-06-01 17:37:50,19
P02976,A0050,L05,2026-06-01 16:54:01,10
P02977,A0038,L04,2026-06-01 09:38:25,24
P02978,A0009,L01,2026-06-01 09:32:12,4
P02979,A0011,L11,2026-06-01 08:52:52,1
P02980,A0007,L02,2026-06-01 16:39:41,17
P02981,A0011,L05,2026-06-01 16:54:47,20
P02982,A0007,L08,2026-06-01 17:55:40,33
P02983,A0025,L10,2026-06-01 15:40:09,3
P02984,A0041,L04,2026-06-01 18:01:57,31
P02985,A0045,L08,2026-06-01 19:10:03,45
P02986,A0046,L03,2026-06-01 15:42:08,38
P02987,A0017,L06,2026-06-01 06:47:55,31
P02988,A0009,L11,2026-06-01 15:59:03,10
P02989,A0053,L12,2026-06-01 10:49:49,16
P02990,A0003,L07,2026-06-01 21:16:04,12
P02991,A0025,L04,2026-06-01 16:59:08,20
P02992,A0039,L12,2026-06-01 12:22:58,25
P02993,A0014,L08,2026-06-01 16:29:00,13
P02994,A0021,L11,2026-06-01 07:00:24,7
P02995,A0027,L07,2026-06-01 08:08:29,31
P02996,A0037,L10,2026-06-01 15:07:12,13
P02997,A0046,L02,2026-06-01 21:18:19,16
P02998,A0036,L01,2026-06-01 11:55:37,20
P02999,A0007,L03,2026-06-01 13:32:02,6
P03000,A0036,L05,2026-06-01 06:15:28,13
P03001,A0059,L05,2026-06-01 15:30:34,6
P03002,A0018,L08,2026-06-01 20:42:32,10
P03003,A0023,L02,2026-06-01 07:40:05,31
P03004,A0036,L09,2026-06-01 10:40:12,16
P03005,A0051,L07,2026-06-01 08:47:53,31
P03006,A0059,L10,2026-06-01 19:55:52,14
P03007,A0037,L04,2026-06-01 21:11:34,43
P03008,A0036,L07,2026-06-01 07:36:48,28
P03009,A0003,L08,2026-06-01 21:46:40,27
P03010,A0043,L11,2026-06-01 10:29:30,44
P03011,A0008,L07,2026-06-01 20:15:57,25
P03012,A0051,L03,2026-06-01 05:23:48,0
P03013,A0042,L09,2026-06-01 07:11:14,40
P03014,A0038,L06,2026-06-01 16:25:43,42
P03015,A0040,L01,2026-06-01 21:28:59,6
P03016,A0059,L05,2026-06-01 17:46:04,33
P03017,A0006,L03,2026-06-01 07:20:36,25
P03018,A0047,L10,2026-06-01 21:37:34,43
P03019,A0009,L04,2026-06-01 18:50:34,1
P03020,A0020,L03,2026-06-01 05:54:21,2
P03021,A0029,L12,2026-06-01 21:27:46,38
P03022,A0006,L12,2026-06-01 08:41:08,19
P03023,A0029,L06,2026-06-01 21:35:40,4
P03024,A0055,L02,2026-06-01 09:40:34,32
P03025,A0047,L01,2026-06-01 19:05:22,11
P03026,A0029,L09,2026-06-01 19:30:12,34
P03027,A0036,L03,2026-06-01 09:17:24,4
P03028,A0027,L02,2026-06-01 20:31:39,34
P03029,A0009,L07,2026-06-01 19:32:31,45
P03030,A0019,L03,2026-06-01 07:31:47,2
P03031,A0055,L09,2026-06-01 06:25:41,11
P03032,A0059,L11,2026-06-01 14:03:44,17
P03033,A0004,L11,2026-06-01 14:48:24,24
P03034,A0026,L06,2026-06-01 16:01:43,7
P03035,A0021,L05,2026-06-01 11:49:47,21
P03036,A0041,L05,2026-06-01 09:29:37,25
P03037,A0025,L03,2026-06-01 18:11:40,15
P03038,A0057,L03,2026-06-01 18:50:25,14
P03039,A0024,L09,2026-06-01 10:21:25,10
P03040,A0031,L02,2026-06-01 18:11:34,21
P03041,A0009,L08,2026-06-01 08:24:10,36
P03042,A0021,L07,2026-06-01 12:55:44,14
P03043,A0037,L09,2026-06-01 18:06:14,32
P03044,A0014,L09,2026-06-01 14:23:01,41
P03045,A0040,L09,2026-06-01 09:54:35,20
P03046,A0003,L10,2026-06-01 09:49:43,18
P03047,A0031,L04,2026-06-01 08:40:39,7
P03048,A0058,L09,2026-06-01 10:59:53,7
P03049,A0038,L10,2026-06-01 16:12:33,45
P03050,A0009,L10,2026-06-01 06:05:53,23
P03051,A0009,L07,2026-06-01 08:18:29,6
P03052,A0006,L06,2026-06-01 07:46:11,23
P03053,A0026,L04,2026-06-01 20:46:54,33
P03054,A0013,L04,2026-06-01 20:54:20,2
P03055,A0003,L10,2026-06-01 07:44:55,41
P03056,A0014,L05,2026-06-01 10:02:49,22
P03057,A0022,L08,2026-06-01 16:44:37,33
P03058,A0037,L09,2026-06-01 07:48:30,0
P03059,A0009,L06,2026-06-01 08:25:10,8
P03060,A0009,L09,2026-06-01 15:26:03,20
P03061,A0055,L09,2026-06-01 19:34:28,17
P03062,A0004,L03,2026-06-01 08:32:21,42
P03063,A0032,L09,2026-06-01 19:23:50,20
P03064,A0006,L10,2026-06-01 07:19:39,7
P03065,A0011,L12,2026-06-01 18:01:08,0
P03066,A0006,L01,2026-06-01 08:23:40,14
P03067,A0036,L11,2026-06-01 10:15:08,41
P03068,A0015,L06,2026-06-01 10:13:00,20
P03069,A0037,L08,2026-06-01 07:40:40,27
P03070,A0009,L12,2026-06-01 06:18:19,18
P03071,A0051,L09,2026-06-01 19:37:39,45
P03072,A0040,L03,2026-06-01 17:27:28,40
P03073,A0045,L12,2026-06-01 15:09:47,0
P03074,A0006,L06,2026-06-01 11:58:23,18
P03075,A0009,L02,2026-06-01 17:45:34,6
P03076,A0017,L04,2026-06-01 11:12:38,9
P03077,A0055,L01,2026-06-01 16:03:24,0
P03078,A0012,L09,2026-06-01 08:31:10,13
P03079,A0006,L09,2026-06-01 16:34:10,30
P03080,A0043,L09,2026-06-01 20:11:50,11
P03081,A0038,L08,2026-06-01 18:47:23,35
P03082,A0056,L05,2026-06-01 19:09:55,36
P03083,A0005,L06,2026-06-01 06:32:52,42
P03084,A0047,L07,2026-06-01 21:15:46,6
P03085,A0020,L01,2026-06-01 17:45:28,7
P03086,A0055,L08,2026-06-01 09:43:13,12
P03087,A0045,L12,2026-06-01 11:53:59,1
P03088,A0006,L03,2026-06-01 07:47:26,10
P03089,A0013,L12,2026-06-01 18:42:54,37
P03090,A0010,L11,2026-06-01 07:15:57,10
P03091,A0006,L11,2026-06-01 17:50:36,34
P03092,A0009,L06,2026-06-01 18:17:26,7
P03093,A0040,L12,2026-06-01 19:14:10,25
P03094,A0034,L04,2026-06-01 14:16:55,16
P03095,A0054,L08,2026-06-01 16:11:57,28
P03096,A0029,L10,2026-06-01 17:36:11,28
P03097,A0009,L03,2026-06-01 07:42:57,38
P03098,A0048,L09,2026-06-01 10:13:31,45
P03099,A0006,L03,2026-06-01 17:08:09,1
P03100,A0058,L02,2026-06-01 08:25:46,3
P03101,A0040,L04,2026-06-01 06:16:48,35
P03102,A0040,L10,2026-06-01 20:33:32,32
P03103,A0053,L08,2026-06-01 07:44:47,45
P03104,A0041,L11,2026-06-01 17:15:40,34
P03105,A0020,L01,2026-06-01 05:12:01,17
P03106,A0004,L04,2026-06-01 10:52:36,36
P03107,A0006,L02,2026-06-01 18:53:55,10
P03108,A0009,L12,2026-06-01 16:01:49,9
P03109,A0055,L10,2026-06-01 08:42:01,5
P03110,A0004,L04,2026-06-01 17:03:39,12
P03111,A0001,L10,2026-06-01 19:05:13,43
P03112,A0036,L08,2026-06-01 06:09:25,3
P03113,A0057,L03,2026-06-01 10:13:10,7
P03114,A0059,L12,2026-06-01 15:29:48,42
P03115,A0017,L01,2026-06-01 06:07:07,24
P03116,A0043,L02,2026-06-01 07:02:07,39
P03117,A0009,L01,2026-06-01 18:42:47,33
P03118,A0045,L04,2026-06-01 07:02:18,36
P03119,A0024,L07,2026-06-01 17:34:00,42
P03120,A0022,L08,2026-06-01 18:49:33,6
P03121,A0019,L05,2026-06-01 06:18:01,35
P03122,A0059,L07,2026-06-01 17:59:21,0
P03123,A0054,L11,2026-06-01 07:09:38,18
P03124,A0042,L03,2026-06-01 07:44:54,23
P03125,A0038,L12,2026-06-01 16:51:47,41
P03126,A0001,L04,2026-06-01 14:08:49,44
P03127,A0055,L08,2026-06-01 10:14:29,7
P03128,A0018,L05,2026-06-01 08:35:20,34
P03129,A0040,L07,2026-06-01 07:13:54,1
P03130,A0031,L02,2026-06-01 11:01:09,30
P03131,A0007,L07,2026-06-01 07:30:14,35
P03132,A0009,L05,2026-06-01 06:28:46,5
P03133,A0036,L07,2026-06-01 05:26:14,8
P03134,A0006,L05,2026-06-01 16:21:20,16
P03135,A0020,L11,2026-06-01 16:14:44,45
P03136,A0033,L01,2026-06-01 06:01:39,23
P03137,A0043,L08,2026-06-01 19:23:27,19
P03138,A0026,L02,2026-06-01 18:23:18,27
P03139,A0022,L04,2026-06-01 06:08:53,16
P03140,A0048,L07,2026-06-01 06:35:03,7
P03141,A0050,L02,2026-06-01 06:51:58,26
P03142,A0040,L04,2026-06-01 09:17:48,5
P03143,A0040,L03,2026-06-01 16:34:00,33
P03144,A0013,L12,2026-06-01 19:06:09,37
P03145,A0004,L12,2026-06-01 08:45:03,29
P03146,A0011,L04,2026-06-01 19:28:06,15
P03147,A0007,L08,2026-06-01 14:05:03,18
P03148,A0040,L09,2026-06-01 20:19:12,25
P03149,A0022,L02,2026-06-01 05:01:36,27
P03150,A0023,L06,2026-06-01 18:28:27,45
P03151,A0044,L10,2026-06-01 06:13:07,35
P03152,A0001,L06,2026-06-01 07:38:25,10
P03153,A0045,L05,2026-06-01 15:27:52,9
P03154,A0011,L06,2026-06-01 17:53:08,44
P03155,A0037,L01,2026-06-01 08:25:26,27
P03156,A0013,L05,2026-06-01 05:48:04,7
P03157,A0007,L08,2026-06-01 19:07:58,16
P03158,A0005,L01,2026-06-01 13:37:15,34
P03159,A0040,L02,2026-06-01 13:36:00,20
P03160,A0015,L11,2026-06-01 10:20:50,11
P03161,A0006,L05,2026-06-01 16:51:37,19
P03162,A0055,L10,2026-06-01 15:50:38,33
P03163,A0009,L11,2026-06-01 06:12:29,37
P03164,A0045,L11,2026-06-01 09:24:38,35
P03165,A0034,L02,2026-06-01 19:06:09,13
P03166,A0040,L05,2026-06-01 20:30:36,17
P03167,A0015,L04,2026-06-01 14:27:11,13
P03168,A0060,L09,2026-06-01 18:37:36,7
P03169,A0027,L08,2026-06-01 10:45:52,16
P03170,A0021,L07,2026-06-01 11:01:13,29
P03171,A0007,L09,2026-06-01 17:06:05,26
P03172,A0008,L03,2026-06-01 16:40:51,42
P03173,A0056,L05,2026-06-01 06:15:23,43
P03174,A0014,L10,2026-06-01 19:57:09,7
P03175,A0011,L08,2026-06-01 21:32:40,37
P03176,A0034,L11,2026-06-01 16:34:59,25
P03177,A0031,L05,2026-06-01 17:48:07,28
P03178,A0039,L09,2026-06-01 17:36:28,32
P03179,A0041,L08,2026-06-01 21:11:03,1
P03180,A0031,L09,2026-06-01 09:20:30,42
P03181,A0012,L03,2026-06-01 15:36:05,19
P03182,A0016,L07,2026-06-01 06:59:10,32
P03183,A0009,L11,2026-06-01 13:50:10,38
P03184,A0009,L07,2026-06-01 17:29:46,25
P03185,A0055,L11,2026-06-01 20:42:40,3
P03186,A0009,L01,2026-06-01 17:45:07,16
P03187,A0012,L10,2026-06-01 18:27:02,31
P03188,A0040,L11,2026-06-01 09:18:43,44
P03189,A0040,L09,2026-06-01 09:22:06,29
P03190,A0055,L11,2026-06-01 19:11:18,40
P03191,A0006,L10,2026-06-01 13:53:39,24
P03192,A0016,L09,2026-06-01 08:59:39,27
P03193,A0004,L05,2026-06-01 18:09:04,28
P03194,A0002,L03,2026-06-01 16:24:09,10
P03195,A0039,L10,2026-06-01 15:17:34,34
P03196,A0006,L01,2026-06-01 17:17:34,25
P03197,A0047,L12,2026-06-01 16:56:27,8
P03198,A0031,L07,2026-06-01 19:38:36,4
P03199,A0044,L01,2026-06-01 16:05:19,4
P03200,A0026,L02,2026-06-01 17:22:42,38
P03201,A0057,L03,2026-06-01 12:45:26,6
P03202,A0028,L04,2026-06-01 19:57:00,21
P03203,A0023,L04,2026-06-01 08:20:35,32
P03204,A0013,L07,2026-06-01 06:58:10,23
P03205,A0032,L05,2026-06-01 18:07:39,6
P03206,A0044,L06,2026-06-01 17:44:18,17
P03207,A0004,L10,2026-06-01 16:30:48,30
P03208,A0009,L09,2026-06-01 08:38:34,36
P03209,A0037,L11,2026-06-01 06:55:25,29
P03210,A0040,L03,2026-06-01 06:28:17,26
P03211,A0051,L02,2026-06-01 14:39:11,25
P03212,A0056,L07,2026-06-01 21:27:39,42
P03213,A0047,L10,2026-06-01 12:44:37,25
P03214,A0014,L10,2026-06-01 18:59:32,24
P03215,A0053,L05,2026-06-01 16:20:21,37
P03216,A0031,L06,2026-06-01 05:07:07,39
P03217,A0017,L12,2026-06-01 17:03:54,43
P03218,A0038,L06,2026-06-01 09:56:44,2
P03219,A0038,L02,2026-06-01 06:27:43,3
P03220,A0028,L10,2026-06-01 19:13:26,20
P03221,A0015,L07,2026-06-01 11:06:32,37
P03222,A0031,L06,2026-06-01 16:24:31,0
P03223,A0007,L01,2026-06-01 18:51:08,19
P03224,A0052,L10,2026-06-01 06:18:58,24
P03225,A0042,L11,2026-06-01 21:39:27,27
P03226,A0009,L07,2026-06-01 09:16:10,0
P03227,A0035,L06,2026-06-01 18:31:48,28
P03228,A0037,L09,2026-06-01 20:50:19,20
P03229,A0027,L04,2026-06-01 05:27:08,15
P03230,A0041,L05,2026-06-01 15:50:08,40
P03231,A0023,L07,2026-06-01 08:03:06,25
P03232,A0056,L06,2026-06-01 18:14:59,3
P03233,A0002,L12,2026-06-01 15:10:54,11
P03234,A0016,L03,2026-06-01 07:48:51,28
P03235,A0044,L08,2026-06-01 19:19:25,8
P03236,A0036,L10,2026-06-01 06:06:05,11
P03237,A0032,L12,2026-06-01 10:23:58,32
P03238,A0030,L09,2026-06-01 15:03:00,34
P03239,A0002,L02,2026-06-01 19:30:45,31
P03240,A0009,L03,2026-06-01 06:11:36,38
P03241,A0039,L08,2026-06-01 05:59:51,17
P03242,A0046,L03,2026-06-01 15:50:16,10
P03243,A0057,L07,2026-06-01 06:58:10,3
P03244,A0009,L09,2026-06-01 09:21:14,27
P03245,A0038,L12,2026-06-01 19:55:48,34
P03246,A0007,L08,2026-06-01 17:23:16,32
P03247,A0022,L05,2026-06-01 07:32:20,16
P03248,A0040,L05,2026-06-01 09:16:19,41
P03249,A0041,L05,2026-06-01 18:47:09,12
P03250,A0010,L02,2026-06-01 07:09:59,45
P03251,A0046,L05,2026-06-01 20:43:39,5
P03252,A0046,L08,2026-06-01 15:48:13,15
P03253,A0009,L05,2026-06-01 17:31:10,1
P03254,A0024,L09,2026-06-01 17:52:04,30
P03255,A0039,L12,2026-06-01 06:51:54,4
P03256,A0029,L07,2026-06-01 05:16:21,45
P03257,A0057,L04,2026-06-01 07:20:46,34
P03258,A0049,L03,2026-06-01 07:21:54,14
P03259,A0035,L01,2026-06-01 06:32:04,45
P03260,A0020,L08,2026-06-01 18:32:57,4
P03261,A0044,L06,2026-06-01 13:16:16,42
P03262,A0040,L05,2026-06-01 06:52:34,13
P03263,A0047,L06,2026-06-01 19:38:39,13
P03264,A0046,L12,2026-06-01 10:00:41,43
P03265,A0006,L12,2026-06-01 17:41:38,7
P03266,A0018,L09,2026-06-01 18:55:34,24
P03267,A0026,L10,2026-06-01 17:56:56,44
P03268,A0016,L01,2026-06-01 08:30:37,44
P03269,A0017,L08,2026-06-01 09:43:08,16
P03270,A0042,L04,2026-06-01 06:55:46,38
P03271,A0037,L12,2026-06-01 13:11:17,8
P03272,A0009,L09,2026-06-01 19:10:33,15
P03273,A0029,L10,2026-06-01 11:07:41,42
P03274,A0040,L08,2026-06-01 07:56:36,13
P03275,A0022,L09,2026-06-01 05:45:36,35
P03276,A0026,L03,2026-06-01 06:52:07,0
P03277,A0023,L04,2026-06-01 06:01:04,44
P03278,A0051,L07,2026-06-01 19:07:02,1
P03279,A0050,L11,2026-06-01 19:45:24,7
P03280,A0002,L09,2026-06-01 08:12:23,24
P03281,A0012,L05,2026-06-01 07:57:35,18
P03282,A0036,L11,2026-06-01 06:37:32,3
P03283,A0038,L05,2026-06-01 17:12:20,19
P03284,A0022,L10,2026-06-01 06:02:00,12
P03285,A0003,L08,2026-06-01 15:58:11,0
P03286,A0041,L05,2026-06-01 15:28:53,4
P03287,A0009,L01,2026-06-01 05:27:27,42
P03288,A0016,L07,2026-06-01 06:00:57,41
P03289,A0020,L06,2026-06-01 06:45:05,45
P03290,A0027,L05,2026-06-01 09:34:20,6
P03291,A0043,L10,2026-06-01 13:49:39,30
P03292,A0006,L09,2026-06-01 18:49:35,12
P03293,A0036,L07,2026-06-01 18:35:09,24
P03294,A0047,L12,2026-06-01 19:10:24,38
P03295,A0047,L01,2026-06-01 19:35:35,33
P03296,A0057,L10,2026-06-01 09:50:39,4
P03297,A0040,L01,2026-06-01 19:11:23,29
P03298,A0010,L10,2026-06-01 19:01:44,38
P03299,A0029,L03,2026-06-01 06:08:27,44
P03300,A0039,L08,2026-06-01 21:36:35,11
P03301,A0042,L01,2026-06-01 06:35:54,0
P03302,A0054,L06,2026-06-01 10:50:29,23
P03303,A0009,L09,2026-06-01 06:29:31,29
P03304,A0034,L12,2026-06-01 07:31:18,24
P03305,A0029,L03,2026-06-01 10:34:43,41
P03306,A0040,L03,2026-06-01 09:08:27,17
P03307,A0022,L03,2026-06-01 09:21:32,37
P03308,A0010,L08,2026-06-01 08:46:46,23
P03309,A0009,L03,2026-06-01 08:43:18,23
P03310,A0040,L01,2026-06-01 07:00:54,36
P03311,A0018,L03,2026-06-01 14:31:53,0
P03312,A0028,L10,2026-06-01 06:04:40,25
P03313,A0027,L12,2026-06-01 15:17:03,29
P03314,A0021,L04,2026-06-01 13:54:55,30
P03315,A0022,L09,2026-06-01 08:56:46,17
P03316,A0001,L01,2026-06-01 07:10:44,16
P03317,A0006,L08,2026-06-01 07:26:04,24
P03318,A0037,L06,2026-06-01 06:03:50,22
P03319,A0009,L11,2026-06-01 16:05:07,36
P03320,A0041,L01,2026-06-01 19:56:51,6
P03321,A0036,L02,2026-06-01 09:05:47,2
P03322,A0040,L04,2026-06-01 20:03:52,36
P03323,A0017,L04,2026-06-01 09:04:51,27
P03324,A0036,L06,2026-06-01 16:30:16,44
P03325,A0006,L02,2026-06-01 13:35:45,20
P03326,A0014,L05,2026-06-01 07:51:36,33
P03327,A0048,L07,2026-06-01 17:55:54,26
P03328,A0038,L03,2026-06-01 18:30:49,7
P03329,A0022,L12,2026-06-01 07:30:12,19
P03330,A0047,L02,2026-06-01 06:02:16,21
P03331,A0006,L03,2026-06-01 19:14:43,11
P03332,A0009,L08,2026-06-01 12:56:50,23
P03333,A0045,L05,2026-06-01 17:21:55,9
P03334,A0025,L09,2026-06-01 08:34:27,2
P03335,A0044,L08,2026-06-01 07:45:16,19
P03336,A0037,L09,2026-06-01 08:11:20,14
P03337,A0042,L11,2026-06-01 13:25:58,8
P03338,A0037,L01,2026-06-01 06:28:52,28
P03339,A0032,L12,2026-06-01 08:28:39,21
P03340,A0039,L02,2026-06-01 19:10:13,36
P03341,A0023,L12,2026-06-01 05:34:59,21
P03342,A0006,L02,2026-06-01 08:46:01,42
P03343,A0016,L02,2026-06-01 10:05:06,29
P03344,A0049,L07,2026-06-01 06:09:21,18
P03345,A0028,L08,2026-06-01 16:43:44,11
P03346,A0021,L11,2026-06-01 08:58:14,20
P03347,A0009,L12,2026-06-01 11:00:57,5
P03348,A0009,L03,2026-06-01 08:50:50,36
P03349,A0039,L01,2026-06-01 09:48:51,44
P03350,A0007,L02,2026-06-01 08:13:55,11
P03351,A0038,L11,2026-06-01 18:28:40,39
P03352,A0037,L01,2026-06-01 16:53:31,6
P03353,A0045,L12,2026-06-01 07:29:38,35
P03354,A0007,L06,2026-06-01 14:41:01,14
P03355,A0009,L02,2026-06-01 09:18:43,39
P03356,A0026,L05,2026-06-01 05:13:44,37
P03357,A0016,L01,2026-06-01 07:02:56,13
P03358,A0044,L01,2026-06-01 18:04:04,34
P03359,A0004,L11,2026-06-01 16:14:41,21
P03360,A0027,L10,2026-06-01 21:22:22,15
P03361,A0041,L11,2026-06-01 17:02:23,24
P03362,A0010,L01,2026-06-01 09:36:36,0
P03363,A0055,L01,2026-06-01 19:58:58,35
P03364,A0008,L02,2026-06-01 19:30:16,2
P03365,A0014,L04,2026-06-01 21:17:44,43
P03366,A0006,L12,2026-06-01 12:42:12,36
P03367,A0033,L05,2026-06-01 18:55:14,1
P03368,A0001,L07,2026-06-01 19:48:54,10
P03369,A0009,L06,2026-06-01 07:40:22,0
P03370,A0010,L08,2026-06-01 09:20:16,8
P03371,A0020,L03,2026-06-01 09:34:16,11
P03372,A0055,L01,2026-06-01 17:14:50,14
P03373,A0035,L06,2026-06-01 10:00:47,2
P03374,A0054,L01,2026-06-01 19:53:43,2
P03375,A0039,L04,2026-06-01 09:32:16,15
P03376,A0002,L03,2026-06-01 10:05:24,25
P03377,A0045,L04,2026-06-01 05:18:57,43
P03378,A0009,L08,2026-06-01 09:20:54,36
P03379,A0023,L02,2026-06-01 09:19:10,25
P03380,A0006,L04,2026-06-01 12:26:42,11
P03381,A0002,L12,2026-06-01 08:22:33,11
P03382,A0010,L05,2026-06-01 19:56:01,44
P03383,A0016,L03,2026-06-01 09:07:05,22
P03384,A0020,L04,2026-06-01 21:00:11,12
P03385,A0036,L12,2026-06-01 10:41:50,38
P03386,A0009,L11,2026-06-01 08:58:58,33
P03387,A0016,L09,2026-06-01 19:46:00,43
P03388,A0040,L10,2026-06-01 06:49:07,32
P03389,A0036,L04,2026-06-01 18:35:35,5
P03390,A0036,L06,2026-06-01 19:44:30,10
P03391,A0028,L12,2026-06-01 06:45:03,21
P03392,A0029,L08,2026-06-01 17:04:35,24
P03393,A0029,L03,2026-06-01 19:57:11,32
P03394,A0032,L06,2026-06-01 13:55:03,42
P03395,A0013,L09,2026-06-01 09:10:00,3
P03396,A0022,L09,2026-06-01 08:34:08,40
P03397,A0028,L03,2026-06-01 17:03:16,5
P03398,A0032,L05,2026-06-01 18:41:13,8
P03399,A0052,L12,2026-06-01 09:23:36,38
P03400,A0028,L04,2026-06-01 11:47:40,0
P03401,A0006,L01,2026-06-01 16:17:59,45
P03402,A0014,L03,2026-06-01 07:08:45,28
P03403,A0009,L06,2026-06-01 11:44:56,6
P03404,A0015,L06,2026-06-01 05:57:49,8
P03405,A0049,L02,2026-06-01 16:26:16,25
P03406,A0025,L01,2026-06-01 16:22:45,38
P03407,A0028,L08,2026-06-01 18:25:57,37
P03408,A0013,L10,2026-06-01 17:49:04,43
P03409,A0003,L11,2026-06-01 06:26:43,43
P03410,A0010,L08,2026-06-01 06:55:10,37
P03411,A0052,L04,2026-06-01 06:16:15,34
P03412,A0032,L02,2026-06-01 19:10:09,36
P03413,A0011,L04,2026-06-01 15:31:00,32
P03414,A0008,L06,2026-06-01 18:53:26,25
P03415,A0047,L01,2026-06-01 19:59:09,5
P03416,A0054,L09,2026-06-01 14:23:03,19
P03417,A0055,L05,2026-06-01 13:19:41,2
P03418,A0045,L07,2026-06-01 17:43:19,38
P03419,A0024,L12,2026-06-01 09:22:00,19
P03420,A0055,L10,2026-06-01 19:12:08,10
P03421,A0016,L03,2026-06-01 16:05:18,9
P03422,A0030,L04,2026-06-01 11:58:53,21
P03423,A0006,L09,2026-06-01 18:43:09,6
P03424,A0058,L09,2026-06-01 05:34:47,31
P03425,A0016,L11,2026-06-01 19:09:40,15
P03426,A0009,L05,2026-06-01 10:42:38,36
P03427,A0059,L07,2026-06-01 07:35:21,15
P03428,A0017,L12,2026-06-01 13:29:11,23
P03429,A0009,L01,2026-06-01 17:14:15,16
P03430,A0025,L01,2026-06-01 12:04:05,45
P03431,A0040,L11,2026-06-01 19:01:23,17
P03432,A0041,L08,2026-06-01 15:58:44,36
P03433,A0058,L05,2026-06-01 19:25:37,45
P03434,A0009,L05,2026-06-01 14:12:23,15
P03435,A0036,L06,2026-06-01 18:25:24,38
P03436,A0049,L07,2026-06-01 10:27:13,17
P03437,A0006,L02,2026-06-01 08:23:01,34
P03438,A0014,L01,2026-06-01 18:32:05,21
P03439,A0023,L07,2026-06-01 18:50:23,36
P03440,A0042,L07,2026-06-01 09:11:07,15
P03441,A0002,L08,2026-06-01 13:08:15,23
P03442,A0006,L10,2026-06-01 13:11:24,7
P03443,A0033,L01,2026-06-01 13:41:34,37
P03444,A0025,L04,2026-06-01 11:26:52,7
P03445,A0004,L06,2026-06-01 12:45:51,3
P03446,A0046,L10,2026-06-01 19:14:06,43
P03447,A0003,L01,2026-06-01 16:31:33,22
P03448,A0021,L03,2026-06-01 10:23:46,35
P03449,A0046,L02,2026-06-01 21:17:20,10
P03450,A0009,L06,2026-06-01 13:47:57,11
P03451,A0036,L09,2026-06-01 13:17:54,43
P03452,A0006,L11,2026-06-01 16:31:12,41
P03453,A0020,L11,2026-06-01 05:44:33,26
P03454,A0037,L12,2026-06-01 12:57:28,29
P03455,A0046,L03,2026-06-01 19:43:20,26
P03456,A0024,L04,2026-06-01 16:17:58,3
P03457,A0055,L01,2026-06-01 14:52:09,28
P03458,A0047,L02,2026-06-01 08:20:41,33
P03459,A0036,L01,2026-06-01 07:30:54,43
P03460,A0022,L12,2026-06-01 08:11:20,29
P03461,A0036,L04,2026-06-01 06:38:19,14
P03462,A0054,L12,2026-06-01 12:48:25,33
P03463,A0056,L12,2026-06-01 07:58:02,12
P03464,A0016,L04,2026-06-01 18:22:45,9
P03465,A0051,L07,2026-06-01 06:38:41,11
P03466,A0054,L12,2026-06-01 19:50:15,22
P03467,A0006,L12,2026-06-01 18:52:57,42
P03468,A0059,L04,2026-06-01 11:10:09,40
P03469,A0060,L08,2026-06-01 07:57:33,38
P03470,A0029,L03,2026-06-01 08:54:30,44
P03471,A0060,L04,2026-06-01 12:08:14,27
P03472,A0044,L02,2026-06-01 16:30:25,5
P03473,A0007,L09,2026-06-01 05:32:11,24
P03474,A0029,L08,2026-06-01 10:48:32,10
P03475,A0025,L07,2026-06-01 06:31:07,9
P03476,A0020,L02,2026-06-01 17:57:35,43
P03477,A0009,L11,2026-06-01 10:54:31,42
P03478,A0056,L07,2026-06-01 13:34:55,16
P03479,A0043,L08,2026-06-01 09:48:16,8
P03480,A0018,L04,2026-06-01 12:44:09,9
P03481,A0020,L12,2026-06-01 16:48:38,18
P03482,A0030,L03,2026-06-01 07:45:52,42
P03483,A0059,L11,2026-06-01 11:46:22,25
P03484,A0008,L07,2026-06-01 08:13:23,41
P03485,A0007,L07,2026-06-01 09:55:51,15
P03486,A0009,L11,2026-06-01 06:17:25,43
P03487,A0040,L05,2026-06-01 07:00:31,42
P03488,A0036,L04,2026-06-01 13:49:07,41
P03489,A0009,L06,2026-06-01 06:14:49,24
P03490,A0022,L07,2026-06-01 18:42:25,14
P03491,A0054,L12,2026-06-01 18:24:04,20
P03492,A0032,L08,2026-06-01 08:16:36,4
P03493,A0022,L11,2026-06-01 18:05:27,17
P03494,A0010,L02,2026-06-01 18:21:27,17
P03495,A0003,L10,2026-06-01 10:36:46,24
P03496,A0036,L04,2026-06-01 19:35:31,22
P03497,A0023,L01,2026-06-01 16:51:08,1
P03498,A0030,L03,2026-06-01 17:42:00,4
P03499,A0026,L11,2026-06-01 17:46:42,5
P03500,A0019,L05,2026-06-01 07:36:15,45
P03501,A0036,L10,2026-06-01 19:25:02,36
P03502,A0051,L08,2026-06-01 07:27:31,30
P03503,A0028,L02,2026-06-01 11:08:28,41
P03504,A0016,L11,2026-06-01 20:21:44,36
P03505,A0052,L09,2026-06-01 19:22:15,40
P03506,A0009,L11,2026-06-01 18:12:07,38
P03507,A0012,L11,2026-06-01 14:19:12,1
P03508,A0050,L11,2026-06-01 14:11:14,7
P03509,A0018,L01,2026-06-01 06:22:53,1
P03510,A0038,L08,2026-06-01 13:18:36,40
P03511,A0047,L05,2026-06-01 16:00:08,26
P03512,A0009,L08,2026-06-01 18:34:42,27
P03513,A0009,L07,2026-06-01 09:37:28,19
P03514,A0012,L07,2026-06-01 15:56:22,27
P03515,A0060,L01,2026-06-01 08:02:01,26
P03516,A0015,L06,2026-06-01 07:30:12,2
P03517,A0036,L12,2026-06-01 18:36:27,39
P03518,A0023,L08,2026-06-01 16:56:40,36
P03519,A0006,L06,2026-06-01 09:14:20,13
P03520,A0007,L12,2026-06-01 19:46:00,11
P03521,A0041,L06,2026-06-01 07:29:26,43
P03522,A0009,L07,2026-06-01 06:54:20,39
P03523,A0034,L09,2026-06-01 18:39:25,22
P03524,A0033,L07,2026-06-01 17:19:21,16
P03525,A0034,L12,2026-06-01 08:50:04,19
P03526,A0027,L02,2026-06-01 17:48:38,15
P03527,A0028,L05,2026-06-01 09:18:14,36
P03528,A0009,L07,2026-06-01 07:09:14,3
P03529,A0036,L06,2026-06-01 17:38:46,30
P03530,A0009,L04,2026-06-01 21:41:49,33
P03531,A0055,L05,2026-06-01 07:06:00,36
P03532,A0046,L03,2026-06-01 07:07:55,30
P03533,A0006,L08,2026-06-01 08:12:18,40
P03534,A0028,L07,2026-06-01 19:51:37,8
P03535,A0006,L01,2026-06-01 06:19:17,36
P03536,A0036,L05,2026-06-01 16:09:46,39
P03537,A0027,L10,2026-06-01 06:09:57,22
P03538,A0014,L03,2026-06-01 12:46:55,29
P03539,A0009,L07,2026-06-01 21:45:38,25
P03540,A0024,L06,2026-06-01 19:00:35,27
P03541,A0011,L10,2026-06-01 16:16:45,23
P03542,A0040,L05,2026-06-01 08:25:24,14
P03543,A0011,L02,2026-06-01 08:03:56,13
P03544,A0034,L03,2026-06-01 09:10:59,42
P03545,A0017,L01,2026-06-01 12:19:29,18
P03546,A0023,L05,2026-06-01 16:01:19,14
P03547,A0036,L08,2026-06-01 15:32:47,44
P03548,A0058,L11,2026-06-01 16:02:35,41
P03549,A0036,L12,2026-06-01 11:36:55,17
P03550,A0042,L10,2026-06-01 11:56:51,41
P03551,A0012,L11,2026-06-01 19:28:56,18
P03552,A0009,L08,2026-06-01 06:19:13,20
P03553,A0008,L03,2026-06-01 08:03:10,10
P03554,A0009,L10,2026-06-01 15:25:21,11
P03555,A0046,L06,2026-06-01 11:12:12,8
P03556,A0051,L03,2026-06-01 17:00:08,1
P03557,A0017,L06,2026-06-01 16:13:13,0
P03558,A0028,L01,2026-06-01 08:26:29,28
P03559,A0009,L12,2026-06-01 19:50:29,23
P03560,A0002,L08,2026-06-01 11:49:30,39
P03561,A0027,L06,2026-06-01 14:15:57,3
P03562,A0022,L05,2026-06-01 17:03:05,11
P03563,A0028,L12,2026-06-01 18:52:31,10
P03564,A0029,L01,2026-06-01 07:02:08,34
P03565,A0034,L08,2026-06-01 06:05:29,45
P03566,A0020,L03,2026-06-01 17:18:03,23
P03567,A0008,L08,2026-06-01 15:58:53,16
P03568,A0036,L09,2026-06-01 16:53:58,30
P03569,A0055,L11,2026-06-01 18:52:16,26
P03570,A0014,L10,2026-06-01 11:59:16,3
P03571,A0016,L06,2026-06-01 17:34:55,28
P03572,A0019,L11,2026-06-01 17:21:32,4
P03573,A0023,L03,2026-06-01 06:51:37,44
P03574,A0037,L07,2026-06-01 18:45:16,32
P03575,A0009,L12,2026-06-01 07:31:15,40
P03576,A0024,L08,2026-06-01 16:50:11,6
P03577,A0006,L02,2026-06-01 06:07:33,29
P03578,A0050,L01,2026-06-01 08:44:35,26
P03579,A0027,L01,2026-06-01 16:29:54,3
P03580,A0040,L05,2026-06-01 17:38:09,22
P03581,A0014,L10,2026-06-01 13:44:22,11
P03582,A0016,L06,2026-06-01 10:31:06,11
P03583,A0022,L03,2026-06-01 15:47:16,15
P03584,A0027,L09,2026-06-01 17:01:23,18
P03585,A0019,L03,2026-06-01 07:24:43,20
P03586,A0059,L05,2026-06-01 19:54:12,12
P03587,A0001,L12,2026-06-01 17:12:18,18
P03588,A0004,L08,2026-06-01 05:19:32,33
P03589,A0009,L09,2026-06-01 18:00:17,29
P03590,A0003,L03,2026-06-01 08:39:43,24
P03591,A0049,L11,2026-06-01 08:12:50,43
P03592,A0046,L08,2026-06-01 07:25:27,40
P03593,A0036,L04,2026-06-01 08:26:14,17
P03594,A0023,L08,2026-06-01 20:20:50,10
P03595,A0020,L06,2026-06-01 16:26:05,25
P03596,A0038,L09,2026-06-01 07:01:41,23
P03597,A0054,L12,2026-06-01 11:37:18,7
P03598,A0010,L06,2026-06-01 15:13:02,9
P03599,A0036,L06,2026-06-01 09:14:27,15
P03600,A0048,L11,2026-06-01 11:41:26,11
P03601,A0026,L12,2026-06-01 07:02:27,24
P03602,A0010,L06,2026-06-01 16:41:42,35
P03603,A0037,L02,2026-06-01 06:14:41,34
P03604,A0006,L01,2026-06-01 07:45:54,10
P03605,A0009,L11,2026-06-01 07:06:53,11
P03606,A0010,L06,2026-06-01 21:42:58,7
P03607,A0006,L06,2026-06-01 19:34:26,34
P03608,A0009,L07,2026-06-01 06:06:48,37
P03609,A0015,L09,2026-06-01 06:24:19,19
P03610,A0017,L11,2026-06-01 09:11:36,32
P03611,A0009,L08,2026-06-01 19:15:53,20
P03612,A0051,L06,2026-06-01 15:40:25,18
P03613,A0043,L12,2026-06-01 06:38:27,8
P03614,A0026,L05,2026-06-01 16:39:09,45
P03615,A0036,L03,2026-06-01 07:11:01,19
P03616,A0060,L02,2026-06-01 07:39:16,34
P03617,A0026,L02,2026-06-01 09:32:58,36
P03618,A0014,L02,2026-06-01 09:09:52,26
P03619,A0036,L10,2026-06-01 18:36:44,33
P03620,A0013,L11,2026-06-01 07:07:47,35
P03621,A0003,L01,2026-06-01 09:27:26,1
P03622,A0060,L12,2026-06-01 06:03:00,22
P03623,A0025,L12,2026-06-01 08:12:34,25
P03624,A0024,L02,2026-06-01 06:20:51,11
P03625,A0009,L04,2026-06-01 12:35:45,0
P03626,A0039,L09,2026-06-01 19:53:51,39
P03627,A0021,L11,2026-06-01 05:03:28,25
P03628,A0047,L12,2026-06-01 19:48:27,15
P03629,A0028,L03,2026-06-01 12:56:55,32
P03630,A0027,L07,2026-06-01 17:13:52,30
P03631,A0022,L12,2026-06-01 08:40:07,40
P03632,A0037,L07,2026-06-01 09:06:15,27
P03633,A0040,L05,2026-06-01 10:00:04,12
P03634,A0019,L11,2026-06-01 17:12:57,14
P03635,A0006,L10,2026-06-01 07:22:57,11
P03636,A0048,L12,2026-06-01 16:33:30,20
P03637,A0028,L12,2026-06-01 05:25:57,30
P03638,A0009,L07,2026-06-01 06:27:48,40
P03639,A0009,L06,2026-06-01 11:00:40,34
P03640,A0051,L02,2026-06-01 13:15:49,4
P03641,A0026,L03,2026-06-01 19:26:07,29
P03642,A0049,L12,2026-06-01 09:37:54,34
P03643,A0055,L04,2026-06-01 18:22:42,31
P03644,A0022,L12,2026-06-01 17:44:25,24
P03645,A0041,L12,2026-06-01 15:34:24,10
P03646,A0027,L06,2026-06-01 16:08:20,28
P03647,A0009,L05,2026-06-01 17:21:20,14
P03648,A0029,L05,2026-06-01 16:48:28,19
P03649,A0017,L10,2026-06-01 05:28:17,40
P03650,A0037,L03,2026-06-01 15:27:37,19
P03651,A0009,L08,2026-06-01 19:31:01,35
P03652,A0001,L09,2026-06-01 20:19:43,43
P03653,A0009,L05,2026-06-01 18:25:17,4
P03654,A0050,L04,2026-06-01 21:54:19,7
P03655,A0022,L08,2026-06-01 09:33:40,21
P03656,A0009,L07,2026-06-01 21:51:34,6
P03657,A0042,L05,2026-06-01 21:01:16,18
P03658,A0036,L01,2026-06-01 11:42:40,32
P03659,A0020,L01,2026-06-01 07:07:53,2
P03660,A0020,L07,2026-06-01 09:02:25,25
P03661,A0034,L09,2026-06-01 16:01:53,34
P03662,A0022,L05,2026-06-01 18:22:33,6
P03663,A0027,L01,2026-06-01 17:55:42,2
P03664,A0009,L08,2026-06-01 07:39:38,30
P03665,A0031,L12,2026-06-01 21:22:26,15
P03666,A0002,L03,2026-06-01 20:50:23,0
P03667,A0007,L01,2026-06-01 08:46:24,43
P03668,A0043,L02,2026-06-01 18:41:13,1
P03669,A0039,L07,2026-06-01 08:49:36,12
P03670,A0045,L09,2026-06-01 18:27:28,36
P03671,A0007,L09,2026-06-01 05:41:07,33
P03672,A0037,L03,2026-06-01 16:01:07,40
P03673,A0009,L07,2026-06-01 16:03:14,17
P03674,A0034,L05,2026-06-01 13:08:38,38
P03675,A0006,L07,2026-06-01 18:27:35,25
P03676,A0041,L03,2026-06-01 06:24:09,8
P03677,A0015,L06,2026-06-01 15:55:30,8
P03678,A0036,L07,2026-06-01 11:54:11,7
P03679,A0029,L01,2026-06-01 07:59:40,41
P03680,A0036,L05,2026-06-01 16:16:31,19
P03681,A0038,L07,2026-06-01 08:43:50,20
P03682,A0041,L10,2026-06-01 09:20:10,6
P03683,A0028,L09,2026-06-01 06:31:53,5
P03684,A0017,L05,2026-06-01 08:13:06,10
P03685,A0014,L10,2026-06-01 07:25:08,42
P03686,A0023,L02,2026-06-01 10:59:45,30
P03687,A0029,L11,2026-06-01 09:31:10,27
P03688,A0009,L09,2026-06-01 17:39:22,35
P03689,A0006,L12,2026-06-01 18:10:11,37
P03690,A0009,L05,2026-06-01 08:08:45,20
P03691,A0013,L07,2026-06-01 08:31:23,39
P03692,A0011,L08,2026-06-01 08:58:03,33
P03693,A0057,L01,2026-06-01 16:16:28,29
P03694,A0035,L05,2026-06-01 18:40:13,22
P03695,A0018,L05,2026-06-01 18:07:53,29
P03696,A0016,L06,2026-06-01 19:12:16,18
P03697,A0029,L04,2026-06-01 07:31:32,34
P03698,A0004,L04,2026-06-01 07:26:05,4
P03699,A0060,L04,2026-06-01 07:27:59,2
P03700,A0050,L08,2026-06-01 17:51:58,35
P03701,A0009,L06,2026-06-01 20:34:30,12
P03702,A0002,L05,2026-06-01 15:11:20,43
P03703,A0009,L06,2026-06-01 09:44:19,26
P03704,A0006,L11,2026-06-01 08:46:14,30
P03705,A0050,L01,2026-06-01 06:22:27,43
P03706,A0038,L04,2026-06-01 09:31:05,30
P03707,A0045,L12,2026-06-01 17:37:51,25
P03708,A0036,L02,2026-06-01 12:13:52,25
P03709,A0017,L10,2026-06-01 18:56:24,40
P03710,A0036,L05,2026-06-01 14:03:39,37
P03711,A0054,L10,2026-06-01 05:07:03,34
P03712,A0016,L09,2026-06-01 07:36:01,34
P03713,A0028,L11,2026-06-01 11:06:45,5
P03714,A0037,L10,2026-06-01 18:57:18,10
P03715,A0006,L05,2026-06-01 18:39:48,42
P03716,A0027,L12,2026-06-01 18:28:10,35
P03717,A0041,L08,2026-06-01 08:48:33,8
P03718,A0051,L12,2026-06-01 06:11:09,4
P03719,A0045,L12,2026-06-01 16:52:08,19
P03720,A0052,L09,2026-06-01 09:57:05,29
P03721,A0002,L06,2026-06-01 21:19:58,16
P03722,A0009,L02,2026-06-01 12:27:31,10
P03723,A0051,L07,2026-06-01 10:05:11,13
P03724,A0057,L01,2026-06-01 08:48:27,34
P03725,A0015,L02,2026-06-01 19:53:34,5
P03726,A0032,L06,2026-06-01 16:47:50,39
P03727,A0036,L12,2026-06-01 17:53:06,28
P03728,A0048,L10,2026-06-01 08:09:35,27
P03729,A0044,L10,2026-06-01 08:05:40,42
P03730,A0036,L12,2026-06-01 16:48:46,29
P03731,A0002,L11,2026-06-01 07:43:25,1
P03732,A0016,L02,2026-06-01 16:00:15,34
P03733,A0006,L10,2026-06-01 13:08:41,20
P03734,A0038,L02,2026-06-01 09:02:36,3
P03735,A0060,L09,2026-06-01 06:54:32,45
P03736,A0016,L01,2026-06-01 06:56:08,19
P03737,A0026,L12,2026-06-01 19:04:57,21
P03738,A0014,L09,2026-06-01 19:48:25,8
P03739,A0045,L02,2026-06-01 08:32:46,38
P03740,A0043,L10,2026-06-01 08:15:51,39
P03741,A0008,L12,2026-06-01 08:34:20,27
P03742,A0012,L06,2026-06-01 18:28:42,15
P03743,A0012,L11,2026-06-01 09:52:24,15
P03744,A0055,L08,2026-06-01 18:22:50,7
P03745,A0013,L07,2026-06-01 09:43:39,2
P03746,A0036,L03,2026-06-01 12:30:31,11
P03747,A0047,L01,2026-06-01 21:38:26,41
P03748,A0042,L07,2026-06-01 07:18:11,33
P03749,A0011,L07,2026-06-01 13:04:52,45
P03750,A0059,L07,2026-06-01 06:39:44,29
P03751,A0006,L11,2026-06-01 14:34:55,40
P03752,A0004,L07,2026-06-01 05:23:07,2
P03753,A0024,L11,2026-06-01 16:08:31,13
P03754,A0002,L05,2026-06-01 09:13:27,8
P03755,A0050,L02,2026-06-01 08:43:17,29
P03756,A0015,L09,2026-06-01 12:37:20,13
P03757,A0003,L10,2026-06-01 16:26:31,25
P03758,A0031,L12,2026-06-01 05:36:11,11
P03759,A0049,L09,2026-06-01 13:39:32,29
P03760,A0009,L06,2026-06-01 14:07:54,45
P03761,A0029,L06,2026-06-01 19:08:54,31
P03762,A0016,L08,2026-06-01 07:01:41,27
P03763,A0040,L09,2026-06-01 10:48:24,17
P03764,A0009,L01,2026-06-01 07:37:32,33
P03765,A0009,L09,2026-06-01 19:28:41,22
P03766,A0050,L04,2026-06-01 12:25:18,30
P03767,A0046,L01,2026-06-01 10:14:45,0
P03768,A0029,L01,2026-06-01 16:22:12,32
P03769,A0057,L07,2026-06-01 11:34:08,25
P03770,A0017,L06,2026-06-01 07:02:59,16
P03771,A0009,L11,2026-06-01 12:57:05,39
P03772,A0005,L12,2026-06-01 19:29:08,0
P03773,A0009,L05,2026-06-01 06:45:44,31
P03774,A0060,L10,2026-06-01 13:06:36,13
P03775,A0020,L05,2026-06-01 17:53:35,41
P03776,A0010,L01,2026-06-01 18:06:40,9
P03777,A0018,L05,2026-06-01 19:01:37,35
P03778,A0037,L03,2026-06-01 13:55:59,36
P03779,A0022,L04,2026-06-01 08:05:31,19
P03780,A0018,L03,2026-06-01 08:53:56,44
P03781,A0055,L11,2026-06-01 09:06:06,34
P03782,A0026,L01,2026-06-01 08:24:33,27
P03783,A0013,L12,2026-06-01 16:30:00,9
P03784,A0037,L07,2026-06-01 17:03:59,9
P03785,A0005,L01,2026-06-01 17:25:57,26
P03786,A0009,L03,2026-06-01 08:12:26,34
P03787,A0055,L01,2026-06-01 09:30:38,20
P03788,A0004,L01,2026-06-01 07:08:21,36
P03789,A0002,L01,2026-06-01 12:39:29,5
P03790,A0024,L01,2026-06-01 17:10:05,6
P03791,A0009,L09,2026-06-01 05:47:32,30
P03792,A0010,L11,2026-06-01 17:11:07,1
P03793,A0030,L06,2026-06-01 13:47:26,7
P03794,A0009,L02,2026-06-01 16:30:53,0
P03795,A0047,L05,2026-06-01 09:03:09,14
P03796,A0004,L05,2026-06-01 11:11:23,9
P03797,A0012,L11,2026-06-01 17:21:11,13
P03798,A0036,L05,2026-06-01 11:46:58,42
P03799,A0003,L10,2026-06-01 09:51:53,30
P03800,A0023,L07,2026-06-01 17:43:11,26
P03801,A0055,L11,2026-06-01 16:14:59,8
P03802,A0037,L07,2026-06-01 09:38:52,19
P03803,A0009,L09,2026-06-01 07:17:22,44
P03804,A0039,L10,2026-06-01 16:24:02,8
P03805,A0014,L02,2026-06-01 16:20:59,34
P03806,A0055,L02,2026-06-01 09:34:56,25
P03807,A0014,L05,2026-06-01 21:56:26,16
P03808,A0038,L09,2026-06-01 19:08:13,29
P03809,A0042,L01,2026-06-01 21:33:17,19
P03810,A0047,L05,2026-06-01 07:28:52,42
P03811,A0009,L02,2026-06-01 10:36:02,31
P03812,A0034,L10,2026-06-01 11:05:27,19
P03813,A0006,L01,2026-06-01 17:25:38,40
P03814,A0006,L04,2026-06-01 12:17:34,17
P03815,A0050,L07,2026-06-01 06:32:10,7
P03816,A0027,L10,2026-06-01 15:20:17,27
P03817,A0023,L03,2026-06-01 05:10:04,10
P03818,A0025,L12,2026-06-01 11:55:00,22
P03819,A0009,L01,2026-06-01 12:00:03,1
P03820,A0003,L09,2026-06-01 17:50:18,45
P03821,A0043,L08,2026-06-01 06:39:00,0
P03822,A0051,L09,2026-06-01 16:07:16,7
P03823,A0043,L01,2026-06-01 06:24:36,40
P03824,A0019,L04,2026-06-01 09:12:59,29
P03825,A0055,L11,2026-06-01 19:47:45,39
P03826,A0006,L07,2026-06-01 08:19:34,5
P03827,A0040,L07,2026-06-01 18:24:15,2
P03828,A0007,L01,2026-06-01 21:17:43,14
P03829,A0015,L07,2026-06-01 06:46:53,15
P03830,A0046,L02,2026-06-01 21:56:05,20
P03831,A0012,L11,2026-06-01 18:44:16,21
P03832,A0049,L03,2026-06-01 13:09:01,12
P03833,A0057,L05,2026-06-01 05:04:23,13
P03834,A0006,L04,2026-06-01 09:01:28,20
P03835,A0042,L10,2026-06-01 18:18:37,45
P03836,A0009,L07,2026-06-01 17:45:03,6
P03837,A0008,L09,2026-06-01 06:51:08,45
P03838,A0037,L02,2026-06-01 17:58:08,41
P03839,A0027,L09,2026-06-01 18:00:09,25
P03840,A0018,L01,2026-06-01 16:31:16,44
P03841,A0006,L03,2026-06-01 18:40:12,26
P03842,A0035,L03,2026-06-01 12:22:29,1
P03843,A0002,L05,2026-06-01 06:49:35,8
P03844,A0040,L12,2026-06-01 06:43:26,4
P03845,A0056,L03,2026-06-01 14:22:36,1
P03846,A0033,L11,2026-06-01 15:07:56,2
P03847,A0008,L08,2026-06-01 17:03:16,27
P03848,A0022,L01,2026-06-01 07:35:15,33
P03849,A0018,L08,2026-06-01 06:46:56,11
P03850,A0025,L03,2026-06-01 19:04:22,5
P03851,A0006,L01,2026-06-01 18:34:45,23
P03852,A0002,L08,2026-06-01 15:48:20,14
P03853,A0031,L05,2026-06-01 16:56:19,41
P03854,A0022,L03,2026-06-01 15:14:54,40
P03855,A0004,L07,2026-06-01 05:06:39,5
P03856,A0009,L04,2026-06-01 09:46:47,40
P03857,A0009,L12,2026-06-01 07:16:15,22
P03858,A0009,L07,2026-06-01 09:34:10,10
P03859,A0036,L02,2026-06-01 11:52:29,42
P03860,A0023,L07,2026-06-01 16:32:25,26
P03861,A0028,L07,2026-06-01 15:09:54,8
P03862,A0032,L02,2026-06-01 20:56:26,34
P03863,A0045,L09,2026-06-01 13:50:39,18
P03864,A0037,L08,2026-06-01 11:37:03,40
P03865,A0009,L06,2026-06-01 09:59:06,32
P03866,A0004,L09,2026-06-01 18:09:08,15
P03867,A0036,L05,2026-06-01 13:03:19,26
P03868,A0042,L09,2026-06-01 06:09:05,21
P03869,A0057,L07,2026-06-01 14:10:22,16
P03870,A0054,L03,2026-06-01 09:42:44,17
P03871,A0033,L11,2026-06-01 10:06:42,45
P03872,A0027,L08,2026-06-01 21:35:05,33
P03873,A0018,L08,2026-06-01 09:14:19,14
P03874,A0037,L11,2026-06-01 18:32:55,32
P03875,A0022,L12,2026-06-01 08:37:51,26
P03876,A0047,L01,2026-06-01 15:16:55,1
P03877,A0038,L02,2026-06-01 05:11:05,10
P03878,A0041,L05,2026-06-01 08:05:51,11
P03879,A0015,L01,2026-06-01 09:03:19,39
P03880,A0052,L07,2026-06-01 07:31:09,6
P03881,A0006,L12,2026-06-01 19:03:03,12
P03882,A0020,L01,2026-06-01 12:06:38,28
P03883,A0040,L10,2026-06-01 16:05:05,17
P03884,A0005,L01,2026-06-01 09:52:07,15
P03885,A0014,L12,2026-06-01 16:37:52,29
P03886,A0006,L09,2026-06-01 16:56:40,24
P03887,A0019,L06,2026-06-01 16:46:32,16
P03888,A0013,L10,2026-06-01 19:52:33,21
P03889,A0040,L01,2026-06-01 16:13:28,21
P03890,A0027,L06,2026-06-01 16:01:30,10
P03891,A0009,L09,2026-06-01 19:33:47,0
P03892,A0037,L03,2026-06-01 05:45:14,29
P03893,A0015,L07,2026-06-01 06:35:44,32
P03894,A0015,L10,2026-06-01 17:08:57,12
P03895,A0058,L10,2026-06-01 15:16:30,31
P03896,A0016,L09,2026-06-01 08:53:14,2
P03897,A0046,L07,2026-06-01 16:57:57,0
P03898,A0023,L05,2026-06-01 18:50:22,29
P03899,A0049,L01,2026-06-01 08:42:55,18
P03900,A0024,L03,2026-06-01 09:11:10,7
P03901,A0020,L10,2026-06-01 09:38:42,24
P03902,A0040,L06,2026-06-01 13:25:42,30
P03903,A0003,L07,2026-06-01 14:04:27,39
P03904,A0060,L02,2026-06-01 08:44:47,9
P03905,A0012,L06,2026-06-01 06:53:26,19
P03906,A0018,L07,2026-06-01 09:59:00,13
P03907,A0025,L06,2026-06-01 08:57:50,10
P03908,A0033,L04,2026-06-01 10:39:34,14
P03909,A0054,L03,2026-06-01 08:32:04,14
P03910,A0004,L01,2026-06-01 06:47:27,38
P03911,A0010,L01,2026-06-01 07:02:09,6
P03912,A0041,L02,2026-06-01 18:48:51,45
P03913,A0040,L07,2026-06-01 19:45:50,15
P03914,A0028,L11,2026-06-01 14:14:19,35
P03915,A0012,L02,2026-06-01 06:52:07,17
P03916,A0009,L07,2026-06-01 07:31:32,37
P03917,A0044,L02,2026-06-01 07:35:21,20
P03918,A0015,L03,2026-06-01 16:57:28,31
P03919,A0009,L02,2026-06-01 08:48:36,31
P03920,A0049,L02,2026-06-01 08:09:24,40
P03921,A0006,L11,2026-06-01 20:10:14,24
P03922,A0003,L03,2026-06-01 08:27:48,23
P03923,A0032,L07,2026-06-01 20:09:02,22
P03924,A0009,L08,2026-06-01 09:13:03,32
P03925,A0048,L02,2026-06-01 18:48:41,30
P03926,A0047,L11,2026-06-01 20:42:46,3
P03927,A0026,L02,2026-06-01 18:14:33,1
P03928,A0023,L08,2026-06-01 06:53:19,32
P03929,A0006,L12,2026-06-01 17:24:03,10
P03930,A0053,L03,2026-06-01 09:43:33,25
P03931,A0018,L08,2026-06-01 08:02:28,26
P03932,A0044,L05,2026-06-01 09:41:57,24
P03933,A0059,L04,2026-06-01 06:55:53,45
P03934,A0009,L06,2026-06-01 09:30:26,44
P03935,A0017,L06,2026-06-01 17:57:33,27
P03936,A0009,L09,2026-06-01 05:26:57,42
P03937,A0060,L01,2026-06-01 21:58:59,33
P03938,A0020,L10,2026-06-01 17:03:44,21
P03939,A0041,L04,2026-06-01 08:50:01,43
P03940,A0052,L10,2026-06-01 20:12:36,26
P03941,A0011,L06,2026-06-01 19:27:16,0
P03942,A0036,L04,2026-06-01 18:26:28,3
P03943,A0037,L09,2026-06-01 19:31:45,21
P03944,A0038,L05,2026-06-01 06:37:45,1
P03945,A0029,L09,2026-06-01 07:30:13,25
P03946,A0006,L08,2026-06-01 11:03:45,11
P03947,A0022,L11,2026-06-01 06:06:48,4
P03948,A0048,L06,2026-06-01 19:27:38,7
P03949,A0040,L02,2026-06-01 16:49:18,10
P03950,A0027,L09,2026-06-01 18:17:53,35
P03951,A0043,L10,2026-06-01 16:23:11,6
P03952,A0044,L10,2026-06-01 07:11:01,11
P03953,A0022,L10,2026-06-01 05:06:56,17
P03954,A0023,L11,2026-06-01 19:53:04,3
P03955,A0044,L09,2026-06-01 06:28:29,1
P03956,A0026,L02,2026-06-01 17:28:56,2
P03957,A0037,L11,2026-06-01 06:18:37,12
P03958,A0009,L03,2026-06-01 19:11:16,17
P03959,A0042,L10,2026-06-01 06:55:51,28
P03960,A0020,L10,2026-06-01 09:27:15,35
P03961,A0001,L09,2026-06-01 06:47:25,20
P03962,A0031,L01,2026-06-01 08:39:46,39
P03963,A0040,L06,2026-06-01 07:47:38,14
P03964,A0006,L08,2026-06-01 20:11:34,5
P03965,A0020,L10,2026-06-01 09:14:22,41
P03966,A0007,L05,2026-06-01 15:03:08,27
P03967,A0006,L07,2026-06-01 18:52:10,29
P03968,A0021,L09,2026-06-01 18:13:37,31
P03969,A0031,L10,2026-06-01 14:01:28,0
P03970,A0049,L09,2026-06-01 16:26:47,31
P03971,A0040,L07,2026-06-01 05:10:02,34
P03972,A0002,L11,2026-06-01 10:36:53,10
P03973,A0016,L01,2026-06-01 06:57:23,19
P03974,A0029,L10,2026-06-01 08:34:36,2
P03975,A0055,L04,2026-06-01 07:22:12,15
P03976,A0009,L03,2026-06-01 07:15:22,4
P03977,A0006,L03,2026-06-01 14:22:54,3
P03978,A0015,L10,2026-06-01 12:21:18,21
P03979,A0006,L11,2026-06-01 12:54:25,37
P03980,A0049,L09,2026-06-01 13:44:50,13
P03981,A0026,L04,2026-06-01 12:12:56,10
P03982,A0034,L04,2026-06-01 17:37:27,8
P03983,A0001,L09,2026-06-01 07:07:08,17
P03984,A0009,L02,2026-06-01 06:28:49,21
P03985,A0016,L07,2026-06-01 07:03:07,9
P03986,A0015,L08,2026-06-01 16:30:29,19
P03987,A0036,L06,2026-06-01 06:58:00,24
P03988,A0023,L10,2026-06-01 13:41:05,36
P03989,A0009,L08,2026-06-01 06:37:08,11
P03990,A0020,L08,2026-06-01 07:06:30,23
P03991,A0028,L12,2026-06-01 19:54:17,30
P03992,A0036,L03,2026-06-01 19:16:24,6
P03993,A0018,L12,2026-06-01 09:07:28,14
P03994,A0004,L01,2026-06-01 17:42:47,34
P03995,A0009,L06,2026-06-01 13:03:12,10
P03996,A0028,L02,2026-06-01 07:55:21,22
P03997,A0002,L06,2026-06-01 07:46:49,8
P03998,A0013,L10,2026-06-01 18:15:42,3
P03999,A0051,L08,2026-06-01 19:40:08,16
P04000,A0048,L10,2026-06-01 14:44:47,16
P04001,A0006,L03,2026-06-01 21:34:15,45
P04002,A0030,L11,2026-06-01 14:44:59,34
P04003,A0015,L10,2026-06-01 06:19:49,34
P04004,A0038,L08,2026-06-01 09:40:24,36
P04005,A0025,L04,2026-06-01 11:37:37,35
P04006,A0036,L06,2026-06-01 06:10:21,29
P04007,A0006,L09,2026-06-01 19:17:03,33
P04008,A0009,L11,2026-06-01 18:47:33,33
P04009,A0024,L12,2026-06-01 18:44:27,45
P04010,A0038,L03,2026-06-01 17:01:47,32
P04011,A0009,L07,2026-06-01 17:23:19,13
P04012,A0057,L06,2026-06-01 10:50:37,25
P04013,A0021,L09,2026-06-01 07:55:22,0
P04014,A0014,L09,2026-06-01 09:10:48,19
P04015,A0046,L03,2026-06-01 17:37:48,16
P04016,A0023,L11,2026-06-01 07:50:10,15
P04017,A0032,L02,2026-06-01 07:38:00,0
P04018,A0029,L12,2026-06-01 19:10:53,44
P04019,A0045,L01,2026-06-01 09:00:16,21
P04020,A0007,L10,2026-06-01 17:11:04,30
P04021,A0033,L11,2026-06-01 07:39:04,3
P04022,A0011,L10,2026-06-01 08:48:12,34
P04023,A0026,L03,2026-06-01 08:53:29,5
P04024,A0012,L10,2026-06-01 06:44:02,26
P04025,A0003,L09,2026-06-01 09:42:02,20
P04026,A0043,L05,2026-06-01 19:53:53,3
P04027,A0037,L07,2026-06-01 15:18:13,45
P04028,A0052,L12,2026-06-01 05:00:36,20
P04029,A0028,L08,2026-06-01 08:27:05,28
P04030,A0044,L11,2026-06-01 07:43:07,13
P04031,A0025,L07,2026-06-01 08:18:45,5
P04032,A0036,L05,2026-06-01 07:45:06,24
P04033,A0038,L05,2026-06-01 13:07:58,12
P04034,A0047,L03,2026-06-01 19:33:23,30
P04035,A0025,L01,2026-06-01 17:50:16,38
P04036,A0034,L03,2026-06-01 16:52:17,27
P04037,A0009,L08,2026-06-01 08:06:32,35
P04038,A0045,L01,2026-06-01 20:39:39,36
P04039,A0024,L03,2026-06-01 07:02:56,10
P04040,A0033,L09,2026-06-01 08:17:49,17
P04041,A0010,L08,2026-06-01 08:22:27,21
P04042,A0025,L09,2026-06-01 13:28:36,0
P04043,A0021,L06,2026-06-01 21:23:47,14
P04044,A0042,L03,2026-06-01 16:17:44,29
P04045,A0022,L04,2026-06-01 18:04:41,0
P04046,A0001,L10,2026-06-01 08:40:56,20
P04047,A0038,L12,2026-06-01 11:05:25,17
P04048,A0029,L06,2026-06-01 05:53:51,2
P04049,A0055,L04,2026-06-01 16:16:43,27
P04050,A0007,L05,2026-06-01 19:47:06,18
P04051,A0027,L08,2026-06-01 18:17:13,29
P04052,A0007,L07,2026-06-01 10:34:48,28
P04053,A0006,L06,2026-06-01 13:57:26,29
P04054,A0006,L11,2026-06-01 12:25:35,4
P04055,A0041,L11,2026-06-01 06:33:23,33
P04056,A0029,L10,2026-06-01 06:09:28,30
P04057,A0014,L03,2026-06-01 16:00:49,33
P04058,A0035,L06,2026-06-01 09:41:53,35
P04059,A0016,L01,2026-06-01 07:23:26,27
P04060,A0005,L06,2026-06-01 12:45:15,28
P04061,A0009,L07,2026-06-01 17:13:01,25
P04062,A0038,L11,2026-06-01 17:01:52,25
P04063,A0037,L12,2026-06-01 10:35:59,8
P04064,A0023,L12,2026-06-01 09:56:54,30
P04065,A0054,L11,2026-06-01 06:39:01,32
P04066,A0046,L09,2026-06-01 19:21:13,32
P04067,A0009,L11,2026-06-01 16:24:30,13
P04068,A0054,L07,2026-06-01 07:44:32,44
P04069,A0026,L09,2026-06-01 15:01:47,20
P04070,A0057,L06,2026-06-01 13:36:08,8
P04071,A0016,L12,2026-06-01 18:41:54,35
P04072,A0044,L12,2026-06-01 21:55:25,43
P04073,A0009,L08,2026-06-01 09:13:11,3
P04074,A0009,L07,2026-06-01 05:30:12,37
P04075,A0055,L03,2026-06-01 21:53:39,5
P04076,A0058,L10,2026-06-01 11:31:07,35
P04077,A0019,L07,2026-06-01 12:49:51,14
P04078,A0048,L02,2026-06-01 16:34:27,19
P04079,A0027,L05,2026-06-01 08:10:01,13
P04080,A0006,L12,2026-06-01 17:56:05,43
P04081,A0029,L06,2026-06-01 06:07:18,22
P04082,A0053,L10,2026-06-01 20:01:24,38
P04083,A0022,L02,2026-06-01 19:12:00,23
P04084,A0031,L10,2026-06-01 18:14:35,32
P04085,A0032,L11,2026-06-01 05:44:09,44
P04086,A0058,L12,2026-06-01 06:26:30,32
P04087,A0001,L07,2026-06-01 18:42:14,43
P04088,A0015,L06,2026-06-01 21:37:55,3
P04089,A0014,L07,2026-06-01 18:56:49,37
P04090,A0009,L11,2026-06-01 06:21:00,12
P04091,A0046,L01,2026-06-01 06:59:38,9
P04092,A0022,L11,2026-06-01 09:56:03,13
P04093,A0004,L09,2026-06-01 16:33:40,4
P04094,A0047,L03,2026-06-01 17:38:26,35
P04095,A0022,L11,2026-06-01 13:53:19,33
P04096,A0006,L01,2026-06-01 16:29:09,33
P04097,A0049,L11,2026-06-01 18:36:11,41
P04098,A0055,L08,2026-06-01 16:04:26,34
P04099,A0001,L07,2026-06-01 10:46:38,24
P04100,A0015,L03,2026-06-01 15:25:08,0
P04101,A0009,L01,2026-06-01 16:15:39,7
P04102,A0047,L01,2026-06-01 17:59:26,12
P04103,A0058,L05,2026-06-01 07:20:51,38
P04104,A0042,L11,2026-06-01 18:21:33,43
P04105,A0040,L01,2026-06-01 06:47:47,18
P04106,A0036,L11,2026-06-01 07:42:56,23
P04107,A0026,L07,2026-06-01 16:59:09,14
P04108,A0047,L06,2026-06-01 07:35:58,17
P04109,A0053,L08,2026-06-01 16:15:39,24
P04110,A0006,L08,2026-06-01 08:15:24,20
P04111,A0017,L12,2026-06-01 08:22:14,44
P04112,A0044,L05,2026-06-01 16:44:34,28
P04113,A0041,L05,2026-06-01 17:55:25,44
P04114,A0009,L09,2026-06-01 16:22:55,45
P04115,A0053,L08,2026-06-01 12:33:23,17
P04116,A0006,L07,2026-06-01 17:08:14,27
P04117,A0005,L07,2026-06-01 19:38:49,39
P04118,A0052,L07,2026-06-01 06:08:23,37
P04119,A0035,L10,2026-06-01 11:08:47,3
P04120,A0030,L03,2026-06-01 19:11:10,26
P04121,A0053,L10,2026-06-01 09:26:25,4
P04122,A0047,L10,2026-06-01 17:12:57,22
P04123,A0042,L10,2026-06-01 11:37:58,38
P04124,A0040,L04,2026-06-01 09:55:25,35
P04125,A0050,L08,2026-06-01 20:39:11,23
P04126,A0036,L01,2026-06-01 07:16:33,11
P04127,A0007,L09,2026-06-01 13:57:38,15
P04128,A0013,L06,2026-06-01 07:48:38,5
P04129,A0019,L03,2026-06-01 16:00:57,4
P04130,A0034,L05,2026-06-01 09:59:25,9
P04131,A0027,L12,2026-06-01 10:50:19,41
P04132,A0036,L04,2026-06-01 13:46:59,36
P04133,A0010,L04,2026-06-01 06:13:33,36
P04134,A0009,L06,2026-06-01 09:08:02,37
P04135,A0027,L09,2026-06-01 18:53:42,24
P04136,A0004,L03,2026-06-01 11:18:58,0
P04137,A0009,L10,2026-06-01 11:03:33,11
P04138,A0028,L06,2026-06-01 05:36:59,31
P04139,A0044,L07,2026-06-01 16:39:16,35
P04140,A0026,L07,2026-06-01 06:41:54,23
P04141,A0043,L09,2026-06-01 06:05:30,42
P04142,A0040,L04,2026-06-01 16:28:39,26
P04143,A0022,L02,2026-06-01 15:36:21,30
P04144,A0019,L11,2026-06-01 13:54:54,0
P04145,A0035,L04,2026-06-01 13:31:16,7
P04146,A0028,L03,2026-06-01 06:42:12,30
P04147,A0036,L10,2026-06-01 09:06:00,3
P04148,A0009,L08,2026-06-01 17:04:31,22
P04149,A0008,L04,2026-06-01 17:02:09,44
P04150,A0009,L10,2026-06-01 10:37:12,33
P04151,A0038,L04,2026-06-01 06:12:19,11
P04152,A0034,L05,2026-06-01 09:18:35,38
P04153,A0001,L05,2026-06-01 16:28:47,34
P04154,A0025,L03,2026-06-01 14:04:59,0
P04155,A0060,L08,2026-06-01 16:49:48,38
P04156,A0010,L08,2026-06-01 18:05:30,44
P04157,A0029,L11,2026-06-01 08:05:17,22
P04158,A0016,L04,2026-06-01 05:38:52,4
P04159,A0009,L06,2026-06-01 18:22:34,5
P04160,A0013,L06,2026-06-01 20:16:17,45
P04161,A0026,L07,2026-06-01 17:38:42,7
P04162,A0020,L01,2026-06-01 19:00:03,18
P04163,A0002,L10,2026-06-01 06:45:19,20
P04164,A0035,L02,2026-06-01 16:48:15,38
P04165,A0006,L09,2026-06-01 06:51:34,1
P04166,A0059,L04,2026-06-01 19:49:10,2
P04167,A0029,L09,2026-06-01 19:43:17,40
P04168,A0060,L12,2026-06-01 09:34:34,0
P04169,A0019,L07,2026-06-01 08:05:57,24
P04170,A0033,L12,2026-06-01 17:55:13,15
P04171,A0037,L12,2026-06-01 17:03:59,12
P04172,A0029,L08,2026-06-01 06:32:58,32
P04173,A0007,L07,2026-06-01 19:02:38,10
P04174,A0006,L11,2026-06-01 10:34:53,44
P04175,A0056,L05,2026-06-01 10:05:12,43
P04176,A0018,L07,2026-06-01 16:21:34,17
P04177,A0040,L06,2026-06-01 18:10:51,25
P04178,A0029,L03,2026-06-01 16:38:41,25
P04179,A0005,L05,2026-06-01 11:09:01,20
P04180,A0027,L10,2026-06-01 05:30:30,17
P04181,A0040,L12,2026-06-01 09:46:44,3
P04182,A0047,L11,2026-06-01 11:58:40,12
P04183,A0011,L08,2026-06-01 13:24:47,4
P04184,A0026,L10,2026-06-01 07:36:17,26
P04185,A0040,L07,2026-06-01 11:55:26,11
P04186,A0015,L06,2026-06-01 15:59:00,23
P04187,A0028,L01,2026-06-01 09:04:47,34
P04188,A0004,L01,2026-06-01 09:52:35,28
P04189,A0001,L04,2026-06-01 21:25:03,21
P04190,A0007,L07,2026-06-01 09:25:15,27
P04191,A0002,L06,2026-06-01 06:41:40,27
P04192,A0009,L01,2026-06-01 16:00:55,13
P04193,A0036,L01,2026-06-01 17:03:51,15
P04194,A0057,L01,2026-06-01 07:01:38,16
P04195,A0037,L03,2026-06-01 19:48:23,36
P04196,A0048,L12,2026-06-01 17:54:07,36
P04197,A0006,L03,2026-06-01 05:03:39,45
P04198,A0047,L07,2026-06-01 09:22:58,31
P04199,A0034,L11,2026-06-01 08:40:37,8
P04200,A0006,L06,2026-06-01 08:44:18,21
P04201,A0027,L09,2026-06-01 06:40:35,7
P04202,A0006,L09,2026-06-01 18:40:22,33
P04203,A0026,L05,2026-06-01 13:48:21,25
P04204,A0043,L03,2026-06-01 14:09:07,31
P04205,A0027,L08,2026-06-01 09:24:00,15
P04206,A0022,L02,2026-06-01 11:19:34,27
P04207,A0004,L08,2026-06-01 09:55:40,9
P04208,A0025,L07,2026-06-01 07:22:51,4
P04209,A0040,L09,2026-06-01 16:23:12,43
P04210,A0001,L02,2026-06-01 16:27:31,6
P04211,A0036,L07,2026-06-01 09:36:03,23
P04212,A0006,L03,2026-06-01 06:13:15,37
P04213,A0006,L05,2026-06-01 18:03:45,24
P04214,A0031,L12,2026-06-01 12:06:43,20
P04215,A0060,L08,2026-06-01 18:46:29,7
P04216,A0054,L12,2026-06-01 09:27:47,19
P04217,A0006,L07,2026-06-01 19:21:24,7
P04218,A0040,L04,2026-06-01 08:45:38,31
P04219,A0031,L11,2026-06-01 19:25:35,0
P04220,A0041,L11,2026-06-01 17:15:47,44
P04221,A0038,L08,2026-06-01 10:34:16,15
P04222,A0001,L11,2026-06-01 07:10:01,38
P04223,A0040,L07,2026-06-01 17:12:54,9
P04224,A0060,L12,2026-06-01 19:13:50,43
P04225,A0017,L04,2026-06-01 19:18:16,2
P04226,A0023,L09,2026-06-01 14:15:48,10
P04227,A0020,L08,2026-06-01 17:16:10,28
P04228,A0037,L04,2026-06-01 17:14:46,34
P04229,A0037,L11,2026-06-01 07:15:43,11
P04230,A0003,L10,2026-06-01 06:04:27,39
P04231,A0024,L04,2026-06-01 11:33:17,18
P04232,A0017,L04,2026-06-01 20:42:04,38
P04233,A0036,L09,2026-06-01 06:51:43,30
P04234,A0009,L06,2026-06-01 14:53:17,44
P04235,A0037,L03,2026-06-01 05:58:59,28
P04236,A0006,L07,2026-06-01 16:12:35,14
P04237,A0016,L01,2026-06-01 09:50:18,15
P04238,A0026,L11,2026-06-01 09:40:46,9
P04239,A0006,L08,2026-06-01 19:13:13,4
P04240,A0025,L12,2026-06-01 16:25:25,19
P04241,A0038,L01,2026-06-01 20:00:13,35
P04242,A0040,L01,2026-06-01 06:21:39,20
P04243,A0021,L10,2026-06-01 18:08:40,18
P04244,A0011,L12,2026-06-01 20:50:45,19
P04245,A0007,L03,2026-06-01 13:01:43,41
P04246,A0036,L08,2026-06-01 14:32:10,27
P04247,A0047,L07,2026-06-01 06:53:59,27
P04248,A0020,L01,2026-06-01 12:45:25,12
P04249,A0050,L11,2026-06-01 15:56:50,16
P04250,A0022,L12,2026-06-01 09:17:20,38
P04251,A0040,L11,2026-06-01 16:33:59,13
P04252,A0036,L12,2026-06-01 20:47:36,34
P04253,A0028,L05,2026-06-01 10:16:38,45
P04254,A0049,L07,2026-06-01 08:52:20,0
P04255,A0033,L10,2026-06-01 12:09:52,26
P04256,A0036,L05,2026-06-01 07:47:14,37
P04257,A0030,L07,2026-06-01 06:10:45,35
P04258,A0055,L12,2026-06-01 21:51:41,4
P04259,A0036,L02,2026-06-01 08:35:59,21
P04260,A0028,L05,2026-06-01 06:11:43,28
P04261,A0036,L12,2026-06-01 17:08:58,12
P04262,A0036,L09,2026-06-01 13:31:19,11
P04263,A0057,L03,2026-06-01 09:47:32,44
P04264,A0040,L02,2026-06-01 21:33:09,8
P04265,A0009,L08,2026-06-01 19:03:21,42
P04266,A0037,L05,2026-06-01 06:24:44,4
P04267,A0025,L12,2026-06-01 14:25:19,29
P04268,A0054,L10,2026-06-01 18:25:01,43
P04269,A0006,L09,2026-06-01 19:39:17,36
P04270,A0016,L04,2026-06-01 21:15:00,39
P04271,A0045,L03,2026-06-01 06:03:53,34
P04272,A0008,L10,2026-06-01 15:05:24,25
P04273,A0006,L01,2026-06-01 08:22:57,20
P04274,A0046,L11,2026-06-01 18:21:31,42
P04275,A0051,L07,2026-06-01 08:56:31,22
P04276,A0013,L03,2026-06-01 09:17:00,0
P04277,A0007,L07,2026-06-01 18:33:50,26
P04278,A0052,L03,2026-06-01 06:22:04,26
P04279,A0042,L06,2026-06-01 06:09:11,16
P04280,A0004,L05,2026-06-01 09:59:18,0
P04281,A0018,L04,2026-06-01 09:58:34,27
P04282,A0003,L09,2026-06-01 14:52:30,2
P04283,A0009,L08,2026-06-01 07:26:12,2
P04284,A0026,L05,2026-06-01 13:09:58,13
P04285,A0050,L11,2026-06-01 17:02:51,44
P04286,A0009,L12,2026-06-01 07:01:38,17
P04287,A0009,L04,2026-06-01 06:37:49,27
P04288,A0057,L02,2026-06-01 20:38:31,36
P04289,A0040,L03,2026-06-01 14:09:35,17
P04290,A0015,L04,2026-06-01 18:33:00,19
P04291,A0036,L01,2026-06-01 18:48:49,24
P04292,A0060,L08,2026-06-01 06:36:20,31
P04293,A0057,L11,2026-06-01 13:43:01,21
P04294,A0055,L11,2026-06-01 05:08:42,27
P04295,A0001,L03,2026-06-01 13:17:09,41
P04296,A0006,L04,2026-06-01 14:58:33,38
P04297,A0017,L06,2026-06-01 16:29:12,19
P04298,A0019,L01,2026-06-01 09:42:29,30
P04299,A0033,L09,2026-06-01 18:39:23,7
P04300,A0036,L05,2026-06-01 09:47:17,43
P04301,A0051,L12,2026-06-01 06:32:33,8
P04302,A0029,L06,2026-06-01 21:55:25,44
P04303,A0050,L05,2026-06-01 09:10:15,41
P04304,A0027,L03,2026-06-01 15:01:47,41
P04305,A0040,L12,2026-06-01 18:10:29,26
P04306,A0038,L05,2026-06-01 12:06:54,28
P04307,A0024,L12,2026-06-01 09:11:53,37
P04308,A0026,L11,2026-06-01 10:23:05,33
P04309,A0012,L08,2026-06-01 17:18:49,9
P04310,A0042,L06,2026-06-01 13:26:39,35
P04311,A0036,L01,2026-06-01 11:15:08,29
P04312,A0009,L03,2026-06-01 09:07:28,39
P04313,A0049,L10,2026-06-01 07:56:10,14
P04314,A0037,L11,2026-06-01 05:02:45,27
P04315,A0036,L05,2026-06-01 21:40:40,28
P04316,A0008,L11,2026-06-01 13:51:29,28
P04317,A0055,L06,2026-06-01 10:40:50,28
P04318,A0025,L08,2026-06-01 07:37:33,4
P04319,A0037,L09,2026-06-01 16:53:28,13
P04320,A0048,L09,2026-06-01 06:20:31,38
P04321,A0008,L09,2026-06-01 18:32:38,45
P04322,A0056,L07,2026-06-01 07:32:16,35
P04323,A0050,L08,2026-06-01 16:55:09,1
P04324,A0059,L08,2026-06-01 17:15:37,25
P04325,A0059,L02,2026-06-01 06:40:54,21
P04326,A0012,L09,2026-06-01 21:06:09,36
P04327,A0055,L09,2026-06-01 19:54:41,6
P04328,A0050,L03,2026-06-01 05:41:52,31
P04329,A0001,L07,2026-06-01 16:55:07,3
P04330,A0047,L10,2026-06-01 09:49:09,37
P04331,A0009,L03,2026-06-01 17:14:17,45
P04332,A0050,L11,2026-06-01 15:42:19,38
P04333,A0047,L01,2026-06-01 08:02:26,31
P04334,A0006,L08,2026-06-01 19:55:33,14
P04335,A0024,L06,2026-06-01 19:00:51,31
P04336,A0045,L04,2026-06-01 11:53:51,42
P04337,A0026,L02,2026-06-01 08:40:02,43
P04338,A0036,L08,2026-06-01 16:22:08,41
P04339,A0012,L09,2026-06-01 17:33:17,45
P04340,A0032,L05,2026-06-01 08:32:34,13
P04341,A0014,L02,2026-06-01 08:56:30,3
P04342,A0006,L12,2026-06-01 07:59:14,41
P04343,A0006,L01,2026-06-01 09:07:20,40
P04344,A0020,L09,2026-06-01 16:37:40,28
P04345,A0046,L10,2026-06-01 16:55:56,9
P04346,A0028,L11,2026-06-01 13:22:27,32
P04347,A0034,L05,2026-06-01 19:36:51,18
P04348,A0004,L04,2026-06-01 15:46:54,27
P04349,A0004,L01,2026-06-01 07:08:39,20
P04350,A0038,L04,2026-06-01 21:42:13,7
P04351,A0039,L10,2026-06-01 14:28:45,10
P04352,A0016,L12,2026-06-01 19:14:06,32
P04353,A0020,L09,2026-06-01 12:45:02,8
P04354,A0053,L02,2026-06-01 08:58:45,42
P04355,A0004,L11,2026-06-01 07:14:11,19
P04356,A0012,L07,2026-06-01 14:04:35,22
P04357,A0056,L12,2026-06-01 07:37:27,24
P04358,A0004,L08,2026-06-01 13:18:50,24
P04359,A0037,L12,2026-06-01 07:46:07,22
P04360,A0056,L10,2026-06-01 18:41:05,40
P04361,A0040,L05,2026-06-01 10:27:04,28
P04362,A0001,L06,2026-06-01 07:57:10,4
P04363,A0050,L11,2026-06-01 06:41:53,18
P04364,A0013,L04,2026-06-01 13:53:17,42
P04365,A0038,L07,2026-06-01 16:45:37,16
P04366,A0009,L04,2026-06-01 19:18:01,8
P04367,A0036,L12,2026-06-01 21:25:18,42
P04368,A0057,L04,2026-06-01 05:51:09,27
P04369,A0057,L06,2026-06-01 05:36:46,41
P04370,A0055,L07,2026-06-01 11:07:35,12
P04371,A0025,L07,2026-06-01 16:38:47,24
P04372,A0025,L07,2026-06-01 16:00:08,20
P04373,A0020,L04,2026-06-01 06:08:50,8
P04374,A0017,L11,2026-06-01 17:17:39,37
P04375,A0037,L01,2026-06-01 07:46:28,27
P04376,A0040,L04,2026-06-01 20:22:39,1
P04377,A0013,L08,2026-06-01 10:20:09,40
P04378,A0004,L05,2026-06-01 10:17:18,1
P04379,A0027,L03,2026-06-01 08:04:29,19
P04380,A0020,L06,2026-06-01 18:08:55,24
P04381,A0007,L02,2026-06-01 17:31:48,8
P04382,A0042,L04,2026-06-01 08:47:57,41
P04383,A0042,L10,2026-06-01 18:37:48,10
P04384,A0057,L03,2026-06-01 19:24:54,16
P04385,A0012,L05,2026-06-01 16:13:59,35
P04386,A0006,L01,2026-06-01 14:21:04,13
P04387,A0009,L05,2026-06-01 13:56:35,25
P04388,A0038,L03,2026-06-01 07:36:00,19
P04389,A0037,L04,2026-06-01 10:16:59,23
P04390,A0032,L07,2026-06-01 10:23:43,30
P04391,A0034,L10,2026-06-01 11:22:05,7
P04392,A0031,L12,2026-06-01 20:33:33,29
P04393,A0036,L06,2026-06-01 07:55:44,0
P04394,A0034,L01,2026-06-01 18:15:28,31
P04395,A0006,L07,2026-06-01 17:03:44,33
P04396,A0041,L09,2026-06-01 06:46:44,34
P04397,A0038,L04,2026-06-01 07:37:05,20
P04398,A0012,L02,2026-06-01 09:30:34,26
P04399,A0021,L11,2026-06-01 06:31:51,35
P04400,A0010,L09,2026-06-01 16:39:42,25
P04401,A0056,L09,2026-06-01 08:08:21,29
P04402,A0007,L07,2026-06-01 16:09:55,27
P04403,A0055,L11,2026-06-01 06:23:16,11
P04404,A0028,L12,2026-06-01 09:02:03,11
P04405,A0024,L01,2026-06-01 09:55:21,41
P04406,A0060,L06,2026-06-01 05:43:20,8
P04407,A0021,L05,2026-06-01 10:18:50,9
P04408,A0004,L07,2026-06-01 16:06:20,4
P04409,A0030,L06,2026-06-01 11:01:06,25
P04410,A0044,L04,2026-06-01 07:08:08,8
P04411,A0032,L01,2026-06-01 08:14:55,37
P04412,A0006,L03,2026-06-01 16:23:24,8
P04413,A0006,L01,2026-06-01 06:54:04,7
P04414,A0009,L05,2026-06-01 17:14:36,6
P04415,A0024,L04,2026-06-01 18:11:33,24
P04416,A0015,L04,2026-06-01 08:21:53,26
P04417,A0058,L05,2026-06-01 07:19:11,32
P04418,A0043,L05,2026-06-01 13:39:28,27
P04419,A0001,L03,2026-06-01 09:27:12,17
P04420,A0022,L12,2026-06-01 08:15:27,29
P04421,A0057,L11,2026-06-01 17:17:42,36
P04422,A0040,L11,2026-06-01 17:39:30,14
P04423,A0039,L07,2026-06-01 10:21:44,11
P04424,A0016,L07,2026-06-01 18:36:54,4
P04425,A0009,L08,2026-06-01 15:10:23,15
P04426,A0057,L09,2026-06-01 09:26:19,6
P04427,A0009,L08,2026-06-01 14:14:15,25
P04428,A0055,L12,2026-06-01 18:56:28,17
P04429,A0020,L07,2026-06-01 12:21:13,35
P04430,A0055,L12,2026-06-01 19:08:48,40
P04431,A0054,L09,2026-06-01 12:09:18,12
P04432,A0028,L07,2026-06-01 17:19:06,21
P04433,A0037,L02,2026-06-01 09:55:41,44
P04434,A0025,L04,2026-06-01 21:59:14,20
P04435,A0009,L04,2026-06-01 13:26:35,21
P04436,A0049,L12,2026-06-01 16:26:50,6
P04437,A0020,L12,2026-06-01 18:36:30,37
P04438,A0057,L04,2026-06-01 16:26:06,22
P04439,A0027,L11,2026-06-01 10:06:25,32
P04440,A0006,L04,2026-06-01 16:01:15,1
P04441,A0009,L04,2026-06-01 19:03:30,44
P04442,A0021,L01,2026-06-01 13:34:39,27
P04443,A0038,L09,2026-06-01 05:35:57,8
P04444,A0016,L12,2026-06-01 07:07:08,7
P04445,A0033,L07,2026-06-01 13:50:49,28
P04446,A0020,L03,2026-06-01 08:53:09,37
P04447,A0057,L03,2026-06-01 18:22:48,25
P04448,A0009,L04,2026-06-01 19:08:47,37
P04449,A0036,L11,2026-06-01 05:13:25,36
P04450,A0031,L09,2026-06-01 10:42:07,11
P04451,A0055,L07,2026-06-01 15:45:18,36
P04452,A0047,L02,2026-06-01 19:43:01,26
P04453,A0059,L09,2026-06-01 08:14:38,7
P04454,A0005,L02,2026-06-01 10:10:22,36
P04455,A0004,L02,2026-06-01 17:36:38,17
P04456,A0055,L01,2026-06-01 10:12:14,14
P04457,A0009,L05,2026-06-01 09:53:30,42
P04458,A0009,L11,2026-06-01 06:18:02,36
P04459,A0037,L12,2026-06-01 06:04:55,27
P04460,A0009,L10,2026-06-01 06:16:58,34
P04461,A0012,L02,2026-06-01 18:37:41,45
P04462,A0036,L11,2026-06-01 16:03:54,19
P04463,A0006,L03,2026-06-01 05:09:33,35
P04464,A0025,L07,2026-06-01 15:58:34,2
P04465,A0010,L10,2026-06-01 17:18:09,7
P04466,A0025,L05,2026-06-01 18:19:35,16
P04467,A0019,L01,2026-06-01 07:04:27,3
P04468,A0014,L08,2026-06-01 16:31:53,37
P04469,A0013,L04,2026-06-01 15:03:05,20
P04470,A0038,L02,2026-06-01 10:50:31,7
P04471,A0009,L03,2026-06-01 10:37:43,19
P04472,A0003,L03,2026-06-01 09:42:55,0
P04473,A0020,L09,2026-06-01 16:18:05,7
P04474,A0006,L09,2026-06-01 18:20:08,31
P04475,A0014,L02,2026-06-01 12:27:30,32
P04476,A0041,L08,2026-06-01 19:12:38,4
P04477,A0029,L09,2026-06-01 10:02:58,40
P04478,A0009,L05,2026-06-01 16:42:24,7
P04479,A0054,L05,2026-06-01 07:07:22,18
P04480,A0007,L02,2026-06-01 10:58:21,13
P04481,A0009,L01,2026-06-01 19:42:11,24
P04482,A0009,L07,2026-06-01 18:21:10,20
P04483,A0022,L11,2026-06-01 18:57:04,0
P04484,A0017,L11,2026-06-01 19:46:51,4
P04485,A0028,L08,2026-06-01 18:33:33,22
P04486,A0044,L07,2026-06-01 17:03:01,23
P04487,A0014,L10,2026-06-01 14:27:28,22
P04488,A0036,L07,2026-06-01 08:49:32,18
P04489,A0018,L03,2026-06-01 16:29:09,24
P04490,A0043,L03,2026-06-01 14:25:23,1
P04491,A0031,L07,2026-06-01 20:01:42,2
P04492,A0011,L05,2026-06-01 13:07:53,14
P04493,A0001,L07,2026-06-01 19:55:11,16
P04494,A0006,L12,2026-06-01 16:56:00,0
P04495,A0057,L07,2026-06-01 16:43:17,6
P04496,A0040,L03,2026-06-01 16:30:26,10
P04497,A0024,L09,2026-06-01 10:22:55,42
P04498,A0020,L03,2026-06-01 07:11:11,35
P04499,A0019,L05,2026-06-01 08:30:20,9
P04500,A0052,L04,2026-06-01 18:02:00,17
P04501,A0012,L01,2026-06-01 21:17:28,38
P04502,A0015,L04,2026-06-01 16:45:07,15
P04503,A0038,L11,2026-06-01 08:12:20,28
P04504,A0018,L03,2026-06-01 21:37:08,0
P04505,A0036,L05,2026-06-01 08:31:35,2
P04506,A0016,L08,2026-06-01 16:08:59,34
P04507,A0003,L02,2026-06-01 08:06:39,18
P04508,A0006,L06,2026-06-01 06:39:21,8
P04509,A0050,L02,2026-06-01 13:18:30,35
P04510,A0022,L08,2026-06-01 07:35:02,11
P04511,A0011,L11,2026-06-01 17:01:24,14
P04512,A0038,L08,2026-06-01 21:41:45,1
P04513,A0058,L04,2026-06-01 16:42:09,6
P04514,A0027,L11,2026-06-01 19:16:59,15
P04515,A0009,L07,2026-06-01 16:20:52,21
P04516,A0040,L06,2026-06-01 20:50:23,37
P04517,A0054,L05,2026-06-01 16:34:48,17
P04518,A0023,L10,2026-06-01 05:53:26,38
P04519,A0036,L10,2026-06-01 18:22:57,9
P04520,A0051,L10,2026-06-01 15:00:24,4
P04521,A0007,L07,2026-06-01 09:15:14,28
P04522,A0009,L06,2026-06-01 16:05:25,20
P04523,A0018,L08,2026-06-01 17:26:42,35
P04524,A0009,L05,2026-06-01 16:08:22,14
P04525,A0057,L01,2026-06-01 17:30:46,25
P04526,A0027,L10,2026-06-01 09:18:17,19
P04527,A0047,L08,2026-06-01 11:20:51,0
P04528,A0047,L05,2026-06-01 17:47:09,16
P04529,A0022,L04,2026-06-01 06:49:02,17
P04530,A0011,L08,2026-06-01 13:07:46,21
P04531,A0037,L04,2026-06-01 15:38:06,20
P04532,A0047,L06,2026-06-01 08:54:37,1
P04533,A0016,L03,2026-06-01 15:00:10,17
P04534,A0021,L06,2026-06-01 17:48:13,14
P04535,A0036,L03,2026-06-01 18:43:38,18
P04536,A0039,L03,2026-06-01 10:20:40,34
P04537,A0017,L09,2026-06-01 16:17:01,8
P04538,A0029,L07,2026-06-01 16:28:10,6
P04539,A0040,L05,2026-06-01 11:53:08,1
P04540,A0004,L02,2026-06-01 17:57:07,22
P04541,A0059,L04,2026-06-01 19:24:38,13
P04542,A0037,L01,2026-06-01 17:52:22,2
P04543,A0026,L02,2026-06-01 11:32:02,19
P04544,A0047,L06,2026-06-01 07:02:26,6
P04545,A0009,L10,2026-06-01 07:41:15,13
P04546,A0041,L10,2026-06-01 09:05:38,3
P04547,A0001,L01,2026-06-01 17:45:37,41
P04548,A0037,L07,2026-06-01 07:11:53,21
P04549,A0042,L12,2026-06-01 13:44:31,4
P04550,A0050,L12,2026-06-01 18:00:46,28
P04551,A0055,L10,2026-06-01 11:14:00,18
P04552,A0038,L12,2026-06-01 12:08:47,14
P04553,A0011,L07,2026-06-01 19:29:58,34
P04554,A0010,L05,2026-06-01 08:28:46,18
P04555,A0015,L08,2026-06-01 06:39:18,22
P04556,A0025,L11,2026-06-01 16:58:05,42
P04557,A0046,L08,2026-06-01 19:45:27,21
P04558,A0008,L06,2026-06-01 09:41:57,26
P04559,A0009,L03,2026-06-01 07:35:05,44
P04560,A0055,L06,2026-06-01 16:26:42,4
P04561,A0009,L10,2026-06-01 07:15:04,43
P04562,A0015,L07,2026-06-01 19:01:24,40
P04563,A0038,L11,2026-06-01 18:15:08,9
P04564,A0025,L11,2026-06-01 18:37:09,4
P04565,A0017,L07,2026-06-01 21:46:18,41
P04566,A0050,L06,2026-06-01 19:05:05,18
P04567,A0019,L10,2026-06-01 06:02:01,15
P04568,A0047,L06,2026-06-01 12:36:48,34
P04569,A0053,L12,2026-06-01 07:44:44,4
P04570,A0009,L03,2026-06-01 08:38:42,40
P04571,A0049,L07,2026-06-01 17:08:30,34
P04572,A0006,L05,2026-06-01 07:51:43,31
P04573,A0022,L06,2026-06-01 18:57:13,33
P04574,A0017,L01,2026-06-01 08:42:55,1
P04575,A0016,L06,2026-06-01 09:25:18,11
P04576,A0036,L08,2026-06-01 12:55:56,23
P04577,A0009,L03,2026-06-01 18:20:22,14
P04578,A0015,L08,2026-06-01 14:43:25,20
P04579,A0016,L10,2026-06-01 19:16:33,28
P04580,A0050,L05,2026-06-01 17:10:17,36
P04581,A0033,L12,2026-06-01 16:01:19,26
P04582,A0056,L03,2026-06-01 09:37:08,36
P04583,A0025,L06,2026-06-01 18:54:07,9
P04584,A0058,L01,2026-06-01 11:48:28,26
P04585,A0006,L08,2026-06-01 07:47:20,44
P04586,A0003,L10,2026-06-01 17:16:43,17
P04587,A0017,L02,2026-06-01 06:19:27,42
P04588,A0041,L01,2026-06-01 07:18:57,31
P04589,A0048,L09,2026-06-01 05:18:58,22
P04590,A0009,L12,2026-06-01 17:23:07,33
P04591,A0034,L12,2026-06-01 19:01:13,14
P04592,A0006,L10,2026-06-01 16:18:28,35
P04593,A0059,L03,2026-06-01 12:28:41,9
P04594,A0060,L01,2026-06-01 13:20:04,45
P04595,A0020,L08,2026-06-01 19:00:25,12
P04596,A0022,L11,2026-06-01 07:54:55,33
P04597,A0044,L04,2026-06-01 06:08:56,9
P04598,A0004,L01,2026-06-01 21:18:32,17
P04599,A0006,L07,2026-06-01 21:13:13,13
P04600,A0044,L08,2026-06-01 19:01:50,32
P04601,A0021,L12,2026-06-01 19:31:46,40
P04602,A0011,L12,2026-06-01 06:54:21,40
P04603,A0058,L05,2026-06-01 18:57:27,38
P04604,A0017,L01,2026-06-01 18:58:26,17
P04605,A0053,L12,2026-06-01 10:55:12,9
P04606,A0031,L10,2026-06-01 16:58:36,13
P04607,A0041,L01,2026-06-01 05:04:06,21
P04608,A0034,L07,2026-06-01 08:50:57,33
P04609,A0006,L12,2026-06-01 05:34:56,3
P04610,A0026,L09,2026-06-01 05:18:16,40
P04611,A0009,L01,2026-06-01 08:15:04,22
P04612,A0043,L07,2026-06-01 14:04:43,13
P04613,A0009,L04,2026-06-01 16:17:32,41
P04614,A0026,L08,2026-06-01 08:22:32,3
P04615,A0025,L01,2026-06-01 16:06:59,25
P04616,A0051,L06,2026-06-01 19:07:31,28
P04617,A0040,L05,2026-06-01 06:09:56,29
P04618,A0036,L02,2026-06-01 17:30:44,6
P04619,A0036,L02,2026-06-01 09:27:51,33
P04620,A0044,L02,2026-06-01 09:52:53,24
P04621,A0045,L06,2026-06-01 17:42:12,10
P04622,A0022,L02,2026-06-01 16:46:20,1
P04623,A0009,L09,2026-06-01 07:16:22,41
P04624,A0037,L02,2026-06-01 19:20:28,45
P04625,A0019,L09,2026-06-01 18:15:15,37
P04626,A0006,L10,2026-06-01 21:10:18,10
P04627,A0016,L07,2026-06-01 16:29:57,44
P04628,A0038,L06,2026-06-01 16:43:21,34
P04629,A0009,L07,2026-06-01 19:38:55,13
P04630,A0001,L04,2026-06-01 08:13:10,29
P04631,A0022,L08,2026-06-01 15:37:35,41
P04632,A0027,L05,2026-06-01 08:51:47,45
P04633,A0008,L03,2026-06-01 08:19:27,6
P04634,A0029,L01,2026-06-01 20:52:12,0
P04635,A0047,L10,2026-06-01 11:56:46,0
P04636,A0057,L08,2026-06-01 12:35:55,45
P04637,A0021,L08,2026-06-01 20:29:58,7
P04638,A0016,L09,2026-06-01 08:08:44,30
P04639,A0006,L09,2026-06-01 12:00:49,38
P04640,A0008,L01,2026-06-01 16:09:04,3
P04641,A0018,L12,2026-06-01 11:12:18,43
P04642,A0034,L08,2026-06-01 06:22:47,42
P04643,A0038,L12,2026-06-01 19:06:48,39
P04644,A0006,L07,2026-06-01 20:06:24,23
P04645,A0028,L10,2026-06-01 19:25:49,29
P04646,A0022,L05,2026-06-01 09:33:54,15
P04647,A0024,L05,2026-06-01 05:01:39,45
P04648,A0040,L03,2026-06-01 08:08:43,24
P04649,A0059,L12,2026-06-01 19:39:12,44
P04650,A0023,L03,2026-06-01 10:48:16,15
P04651,A0026,L12,2026-06-01 06:23:44,18
P04652,A0038,L11,2026-06-01 06:48:07,21
P04653,A0009,L11,2026-06-01 16:58:21,2
P04654,A0014,L02,2026-06-01 09:45:53,9
P04655,A0025,L01,2026-06-01 06:08:25,22
P04656,A0009,L10,2026-06-01 13:54:29,21
P04657,A0016,L08,2026-06-01 12:14:20,18
P04658,A0049,L09,2026-06-01 14:31:57,5
P04659,A0016,L03,2026-06-01 09:30:36,5
P04660,A0030,L07,2026-06-01 09:40:24,18
P04661,A0058,L04,2026-06-01 05:56:13,5
P04662,A0009,L12,2026-06-01 09:27:23,9
P04663,A0051,L03,2026-06-01 08:16:54,37
P04664,A0021,L12,2026-06-01 17:18:00,2
P04665,A0005,L12,2026-06-01 11:01:34,25
P04666,A0009,L01,2026-06-01 09:50:01,20
P04667,A0012,L10,2026-06-01 08:17:13,9
P04668,A0009,L02,2026-06-01 17:46:03,41
P04669,A0014,L12,2026-06-01 07:20:57,26
P04670,A0006,L04,2026-06-01 17:51:00,5
P04671,A0008,L01,2026-06-01 05:33:52,38
P04672,A0036,L04,2026-06-01 09:33:07,0
P04673,A0035,L09,2026-06-01 11:33:41,14
P04674,A0009,L12,2026-06-01 10:21:34,38
P04675,A0023,L10,2026-06-01 17:03:59,16
P04676,A0028,L04,2026-06-01 19:27:05,15
P04677,A0025,L07,2026-06-01 06:32:50,5
P04678,A0017,L03,2026-06-01 19:33:04,22
P04679,A0054,L05,2026-06-01 13:49:29,0
P04680,A0038,L12,2026-06-01 06:02:22,43
P04681,A0040,L04,2026-06-01 17:00:55,39
P04682,A0036,L08,2026-06-01 20:39:32,18
P04683,A0017,L02,2026-06-01 16:47:19,8
P04684,A0009,L07,2026-06-01 19:26:46,22
P04685,A0055,L01,2026-06-01 10:25:51,31
P04686,A0044,L08,2026-06-01 16:32:31,30
P04687,A0020,L03,2026-06-01 17:26:59,15
P04688,A0036,L09,2026-06-01 18:01:05,41
P04689,A0020,L11,2026-06-01 09:11:37,10
P04690,A0023,L07,2026-06-01 19:32:53,44
P04691,A0050,L01,2026-06-01 17:28:41,25
P04692,A0011,L07,2026-06-01 14:10:11,35
P04693,A0055,L10,2026-06-01 16:29:18,37
P04694,A0055,L04,2026-06-01 21:06:08,20
P04695,A0037,L10,2026-06-01 19:09:27,20
P04696,A0029,L08,2026-06-01 16:35:53,12
P04697,A0009,L06,2026-06-01 21:01:20,1
P04698,A0010,L12,2026-06-01 13:07:49,28
P04699,A0014,L07,2026-06-01 07:36:04,8
P04700,A0036,L06,2026-06-01 14:51:05,34
P04701,A0047,L08,2026-06-01 06:53:19,33
P04702,A0044,L01,2026-06-01 08:49:02,0
P04703,A0006,L10,2026-06-01 08:38:45,40
P04704,A0023,L09,2026-06-01 21:53:56,31
P04705,A0038,L11,2026-06-01 16:40:14,41
P04706,A0003,L03,2026-06-01 16:07:06,9
P04707,A0037,L11,2026-06-01 09:53:40,2
P04708,A0009,L05,2026-06-01 06:25:42,41
P04709,A0016,L06,2026-06-01 07:10:14,12
P04710,A0022,L10,2026-06-01 06:40:35,1
P04711,A0016,L03,2026-06-01 05:50:31,40
P04712,A0025,L01,2026-06-01 13:50:11,24
P04713,A0006,L12,2026-06-01 18:44:51,36
P04714,A0046,L06,2026-06-01 08:01:44,20
P04715,A0009,L12,2026-06-01 08:19:25,42
P04716,A0016,L06,2026-06-01 20:16:03,24
P04717,A0037,L08,2026-06-01 14:41:19,16
P04718,A0041,L04,2026-06-01 06:17:24,41
P04719,A0044,L09,2026-06-01 15:22:59,32
P04720,A0025,L11,2026-06-01 13:32:12,18
P04721,A0009,L12,2026-06-01 14:41:35,27
P04722,A0056,L03,2026-06-01 20:13:27,25
P04723,A0004,L09,2026-06-01 07:01:55,42
P04724,A0047,L08,2026-06-01 19:00:59,32
P04725,A0029,L05,2026-06-01 09:49:51,39
P04726,A0009,L04,2026-06-01 18:19:15,27
P04727,A0016,L12,2026-06-01 06:22:01,19
P04728,A0036,L01,2026-06-01 16:38:11,34
P04729,A0009,L07,2026-06-01 16:03:29,12
P04730,A0032,L03,2026-06-01 12:36:02,44
P04731,A0048,L08,2026-06-01 09:58:09,37
P04732,A0036,L05,2026-06-01 18:42:40,43
P04733,A0001,L04,2026-06-01 16:04:26,8
P04734,A0009,L09,2026-06-01 10:22:02,43
P04735,A0006,L12,2026-06-01 16:19:21,1
P04736,A0036,L03,2026-06-01 10:19:13,21
P04737,A0028,L02,2026-06-01 09:38:16,43
P04738,A0059,L11,2026-06-01 17:48:31,39
P04739,A0009,L04,2026-06-01 06:07:09,15
P04740,A0036,L06,2026-06-01 18:55:10,25
P04741,A0039,L03,2026-06-01 13:09:35,27
P04742,A0058,L07,2026-06-01 14:07:44,3
P04743,A0052,L06,2026-06-01 17:35:45,43
P04744,A0038,L06,2026-06-01 06:16:40,27
P04745,A0006,L10,2026-06-01 10:37:14,20
P04746,A0013,L02,2026-06-01 18:22:53,22
P04747,A0036,L11,2026-06-01 09:44:02,26
P04748,A0017,L08,2026-06-01 06:26:29,12
P04749,A0015,L08,2026-06-01 06:53:08,5
P04750,A0009,L06,2026-06-01 14:27:46,10
P04751,A0044,L05,2026-06-01 11:48:27,1
P04752,A0050,L05,2026-06-01 19:25:10,0
P04753,A0036,L10,2026-06-01 15:36:14,5
P04754,A0029,L07,2026-06-01 07:59:39,38
P04755,A0037,L02,2026-06-01 19:03:19,21
P04756,A0005,L12,2026-06-01 07:58:52,8
P04757,A0058,L12,2026-06-01 20:14:43,6
P04758,A0022,L04,2026-06-01 07:52:49,33
P04759,A0009,L09,2026-06-01 13:32:22,5
P04760,A0036,L05,2026-06-01 16:09:23,38
P04761,A0015,L07,2026-06-01 06:54:43,9
P04762,A0040,L03,2026-06-01 12:06:15,16
P04763,A0006,L08,2026-06-01 18:28:24,29
P04764,A0023,L10,2026-06-01 16:45:21,18
P04765,A0036,L01,2026-06-01 13:12:57,5
P04766,A0051,L12,2026-06-01 08:15:27,39
P04767,A0041,L04,2026-06-01 10:56:02,43
P04768,A0006,L03,2026-06-01 19:30:07,43
P04769,A0055,L02,2026-06-01 09:09:43,37
P04770,A0015,L11,2026-06-01 11:24:57,21
P04771,A0009,L08,2026-06-01 07:32:07,27
P04772,A0018,L11,2026-06-01 16:46:32,31
P04773,A0028,L10,2026-06-01 06:37:35,15
P04774,A0020,L10,2026-06-01 14:28:13,43
P04775,A0047,L07,2026-06-01 10:49:01,22
P04776,A0017,L10,2026-06-01 19:31:00,28
P04777,A0055,L05,2026-06-01 06:23:55,12
P04778,A0008,L05,2026-06-01 06:00:51,11
P04779,A0001,L03,2026-06-01 15:47:51,33
P04780,A0015,L09,2026-06-01 16:56:13,19
P04781,A0057,L06,2026-06-01 11:38:20,32
P04782,A0043,L08,2026-06-01 05:15:41,3
P04783,A0009,L01,2026-06-01 17:17:26,43
P04784,A0060,L08,2026-06-01 18:40:04,34
P04785,A0006,L12,2026-06-01 09:34:32,6
P04786,A0006,L02,2026-06-01 21:42:08,28
P04787,A0022,L02,2026-06-01 08:06:15,15
P04788,A0032,L07,2026-06-01 08:10:09,0
P04789,A0013,L04,2026-06-01 17:23:50,15
P04790,A0022,L01,2026-06-01 12:43:46,4
P04791,A0058,L07,2026-06-01 19:14:26,0
P04792,A0029,L09,2026-06-01 16:41:44,30
P04793,A0015,L12,2026-06-01 16:29:47,32
P04794,A0036,L12,2026-06-01 09:27:30,11
P04795,A0006,L01,2026-06-01 07:05:16,44
P04796,A0006,L02,2026-06-01 20:58:00,29
P04797,A0015,L07,2026-06-01 08:55:50,1
P04798,A0006,L11,2026-06-01 18:06:11,13
P04799,A0047,L01,2026-06-01 16:48:07,37
P04800,A0011,L10,2026-06-01 08:23:16,23
P04801,A0025,L10,2026-06-01 19:22:21,24
P04802,A0015,L10,2026-06-01 09:31:05,15
P04803,A0045,L08,2026-06-01 10:44:48,43
P04804,A0049,L09,2026-06-01 17:54:27,15
P04805,A0055,L06,2026-06-01 17:47:25,24
P04806,A0045,L09,2026-06-01 06:23:23,31
P04807,A0009,L08,2026-06-01 09:47:18,2
P04808,A0021,L12,2026-06-01 08:42:24,4
P04809,A0004,L05,2026-06-01 15:11:31,27
P04810,A0009,L12,2026-06-01 08:43:07,4
P04811,A0047,L07,2026-06-01 13:11:40,42
P04812,A0014,L06,2026-06-01 07:07:38,25
P04813,A0047,L12,2026-06-01 19:16:30,1
P04814,A0030,L07,2026-06-01 09:37:32,30
P04815,A0003,L04,2026-06-01 17:00:01,17
P04816,A0037,L04,2026-06-01 17:25:46,14
P04817,A0060,L02,2026-06-01 11:47:09,45
P04818,A0016,L02,2026-06-01 17:30:59,3
P04819,A0016,L06,2026-06-01 18:04:02,16
P04820,A0007,L07,2026-06-01 11:37:06,5
P04821,A0037,L08,2026-06-01 07:17:30,7
P04822,A0051,L04,2026-06-01 06:28:44,37
P04823,A0043,L11,2026-06-01 09:21:43,28
P04824,A0052,L10,2026-06-01 21:41:16,36
P04825,A0038,L05,2026-06-01 19:39:38,3
P04826,A0036,L03,2026-06-01 11:06:31,7
P04827,A0015,L05,2026-06-01 19:50:21,26
P04828,A0039,L09,2026-06-01 21:39:34,42
P04829,A0014,L01,2026-06-01 19:13:40,43
P04830,A0028,L06,2026-06-01 17:06:26,12
P04831,A0013,L03,2026-06-01 18:53:22,28
P04832,A0022,L12,2026-06-01 15:06:26,38
P04833,A0035,L10,2026-06-01 19:58:35,32
P04834,A0010,L02,2026-06-01 17:33:54,44
P04835,A0028,L10,2026-06-01 16:25:33,10
P04836,A0014,L01,2026-06-01 07:41:52,0
P04837,A0009,L02,2026-06-01 19:22:12,43
P04838,A0014,L03,2026-06-01 07:51:44,12
P04839,A0025,L02,2026-06-01 12:04:30,39
P04840,A0052,L06,2026-06-01 06:48:54,2
P04841,A0035,L12,2026-06-01 16:15:30,43
P04842,A0020,L10,2026-06-01 18:23:33,21
P04843,A0049,L04,2026-06-01 09:57:52,15
P04844,A0059,L10,2026-06-01 21:48:53,7
P04845,A0019,L08,2026-06-01 12:38:40,9
P04846,A0018,L06,2026-06-01 14:06:28,17
P04847,A0009,L10,2026-06-01 11:20:35,4
P04848,A0056,L12,2026-06-01 13:53:31,26
P04849,A0022,L02,2026-06-01 11:45:12,25
P04850,A0005,L02,2026-06-01 19:14:36,38
P04851,A0031,L06,2026-06-01 07:46:49,35
P04852,A0030,L06,2026-06-01 08:24:13,3
P04853,A0029,L04,2026-06-01 09:38:25,33
P04854,A0036,L12,2026-06-01 06:41:37,27
P04855,A0014,L11,2026-06-01 09:08:40,17
P04856,A0005,L09,2026-06-01 11:44:06,29
P04857,A0038,L11,2026-06-01 12:21:41,5
P04858,A0025,L07,2026-06-01 16:56:13,13
P04859,A0026,L08,2026-06-01 09:28:01,30
P04860,A0060,L03,2026-06-01 07:45:18,0
P04861,A0028,L03,2026-06-01 07:41:10,17
P04862,A0013,L12,2026-06-01 17:51:51,3
P04863,A0022,L11,2026-06-01 11:46:15,27
P04864,A0036,L05,2026-06-01 10:57:34,6
P04865,A0006,L05,2026-06-01 07:18:48,35
P04866,A0009,L03,2026-06-01 16:10:44,17
P04867,A0015,L06,2026-06-01 08:28:26,22
P04868,A0014,L02,2026-06-01 09:42:04,21
P04869,A0025,L05,2026-06-01 08:06:19,31
P04870,A0038,L04,2026-06-01 16:57:12,29
P04871,A0005,L06,2026-06-01 07:19:53,20
P04872,A0012,L11,2026-06-01 16:32:58,11
P04873,A0016,L02,2026-06-01 16:01:41,12
P04874,A0036,L07,2026-06-01 08:11:47,36
P04875,A0036,L03,2026-06-01 07:15:30,24
P04876,A0006,L07,2026-06-01 19:38:11,10
P04877,A0053,L06,2026-06-01 09:05:36,16
P04878,A0012,L02,2026-06-01 17:38:43,1
P04879,A0026,L04,2026-06-01 13:08:17,41
P04880,A0056,L03,2026-06-01 09:27:43,11
P04881,A0050,L12,2026-06-01 09:12:12,19
P04882,A0058,L09,2026-06-01 17:15:16,13
P04883,A0037,L06,2026-06-01 09:27:57,39
P04884,A0030,L12,2026-06-01 09:49:51,23
P04885,A0033,L03,2026-06-01 07:24:39,8
P04886,A0040,L06,2026-06-01 09:17:13,21
P04887,A0003,L10,2026-06-01 11:48:54,35
P04888,A0057,L09,2026-06-01 14:38:17,30
P04889,A0056,L01,2026-06-01 09:51:57,38
P04890,A0044,L05,2026-06-01 08:38:06,30
P04891,A0043,L06,2026-06-01 09:07:51,35
P04892,A0051,L04,2026-06-01 08:17:08,35
P04893,A0050,L08,2026-06-01 08:18:47,39
P04894,A0055,L07,2026-06-01 19:27:28,37
P04895,A0047,L10,2026-06-01 19:01:26,44
P04896,A0014,L08,2026-06-01 05:55:55,27
P04897,A0055,L01,2026-06-01 08:39:28,5
P04898,A0011,L01,2026-06-01 12:51:33,16
P04899,A0006,L08,2026-06-01 09:30:53,22
P04900,A0025,L07,2026-06-01 05:41:21,4
P04901,A0037,L12,2026-06-01 16:43:06,24
P04902,A0040,L11,2026-06-01 07:13:18,44
P04903,A0009,L06,2026-06-01 19:36:33,20
P04904,A0003,L05,2026-06-01 06:41:21,26
P04905,A0022,L12,2026-06-01 17:31:21,19
P04906,A0006,L03,2026-06-01 13:57:11,35
P04907,A0036,L02,2026-06-01 17:57:21,28
P04908,A0016,L05,2026-06-01 11:21:03,43
P04909,A0029,L09,2026-06-01 09:27:47,11
P04910,A0042,L05,2026-06-01 16:40:26,15
P04911,A0051,L11,2026-06-01 07:48:47,26
P04912,A0009,L01,2026-06-01 17:20:32,22
P04913,A0027,L01,2026-06-01 10:01:49,5
P04914,A0018,L08,2026-06-01 19:38:21,5
P04915,A0027,L11,2026-06-01 08:41:58,32
P04916,A0041,L03,2026-06-01 20:29:22,33
P04917,A0042,L08,2026-06-01 07:24:20,26
P04918,A0018,L01,2026-06-01 15:13:16,19
P04919,A0059,L05,2026-06-01 08:25:32,38
P04920,A0042,L12,2026-06-01 12:14:06,34
P04921,A0010,L11,2026-06-01 12:14:23,28
P04922,A0058,L07,2026-06-01 06:28:56,14
P04923,A0016,L08,2026-06-01 08:29:29,27
P04924,A0022,L11,2026-06-01 17:24:15,25
P04925,A0045,L09,2026-06-01 06:32:39,35
P04926,A0029,L08,2026-06-01 13:50:31,23
P04927,A0027,L05,2026-06-01 17:18:53,32
P04928,A0006,L06,2026-06-01 08:54:12,28
P04929,A0047,L05,2026-06-01 05:48:50,15
P04930,A0037,L07,2026-06-01 19:18:01,16
P04931,A0019,L01,2026-06-01 20:26:29,22
P04932,A0011,L05,2026-06-01 18:12:19,5
P04933,A0010,L06,2026-06-01 12:41:49,13
P04934,A0008,L10,2026-06-01 16:41:45,2
P04935,A0054,L05,2026-06-01 15:23:25,22
P04936,A0009,L09,2026-06-01 08:46:16,21
P04937,A0015,L09,2026-06-01 14:41:42,27
P04938,A0040,L04,2026-06-01 07:58:12,43
P04939,A0006,L07,2026-06-01 16:40:43,42
P04940,A0002,L01,2026-06-01 06:54:36,5
P04941,A0009,L01,2026-06-01 13:37:48,42
P04942,A0040,L07,2026-06-01 09:53:20,5
P04943,A0012,L09,2026-06-01 08:32:13,28
P04944,A0032,L07,2026-06-01 18:46:19,30
P04945,A0046,L07,2026-06-01 21:41:48,41
P04946,A0022,L09,2026-06-01 16:17:46,29
P04947,A0055,L07,2026-06-01 19:35:56,9
P04948,A0028,L10,2026-06-01 08:45:08,23
P04949,A0043,L06,2026-06-01 14:01:33,41
P04950,A0026,L02,2026-06-01 07:44:14,44
P04951,A0028,L01,2026-06-01 11:31:27,18
P04952,A0003,L06,2026-06-01 09:43:15,39
P04953,A0047,L07,2026-06-01 07:04:16,3
P04954,A0039,L02,2026-06-01 06:34:24,24
P04955,A0005,L05,2026-06-01 19:55:15,13
P04956,A0040,L10,2026-06-01 13:29:46,32
P04957,A0037,L03,2026-06-01 08:55:19,8
P04958,A0001,L04,2026-06-01 08:18:06,1
P04959,A0058,L03,2026-06-01 12:50:32,30
P04960,A0055,L04,2026-06-01 10:34:58,43
P04961,A0014,L07,2026-06-01 19:30:19,6
P04962,A0009,L02,2026-06-01 14:04:32,43
P04963,A0024,L01,2026-06-01 08:12:17,26
P04964,A0036,L09,2026-06-01 14:13:39,33
P04965,A0047,L06,2026-06-01 16:31:35,38
P04966,A0006,L06,2026-06-01 05:51:36,33
P04967,A0004,L12,2026-06-01 10:58:10,35
P04968,A0042,L06,2026-06-01 16:24:29,22
P04969,A0026,L03,2026-06-01 07:54:06,37
P04970,A0027,L05,2026-06-01 16:35:57,45
P04971,A0006,L12,2026-06-01 07:34:04,16
P04972,A0016,L04,2026-06-01 07:19:58,10
P04973,A0014,L12,2026-06-01 18:36:29,15
P04974,A0007,L10,2026-06-01 10:11:04,32
P04975,A0036,L03,2026-06-01 17:18:05,5
P04976,A0034,L12,2026-06-01 17:15:05,21
P04977,A0055,L06,2026-06-01 16:04:20,14
P04978,A0005,L04,2026-06-01 08:18:00,28
P04979,A0045,L09,2026-06-01 06:57:03,39
P04980,A0022,L06,2026-06-01 18:42:49,20
P04981,A0036,L08,2026-06-01 19:15:47,19
P04982,A0006,L05,2026-06-01 07:38:37,6
P04983,A0018,L07,2026-06-01 13:21:09,3
P04984,A0025,L05,2026-06-01 16:01:26,6
P04985,A0060,L12,2026-06-01 19:44:39,5
P04986,A0003,L01,2026-06-01 21:40:08,10
P04987,A0009,L05,2026-06-01 06:25:34,9
P04988,A0025,L09,2026-06-01 11:43:05,40
P04989,A0009,L06,2026-06-01 15:10:41,24
P04990,A0026,L10,2026-06-01 11:01:33,12
P04991,A0056,L05,2026-06-01 16:47:00,0
P04992,A0038,L10,2026-06-01 08:31:08,8
P04993,A0040,L11,2026-06-01 17:10:09,1
P04994,A0006,L11,2026-06-01 18:35:21,39
P04995,A0009,L12,2026-06-01 07:35:29,7
P04996,A0018,L10,2026-06-01 08:21:11,45
P04997,A0006,L06,2026-06-01 16:45:59,9
P04998,A0056,L09,2026-06-01 19:02:18,35
P04999,A0004,L03,2026-06-01 11:16:00,26
P05000,A0039,L05,2026-06-01 13:28:51,25
